GAME,LOCATION,COORD_X,COORD_Y,DISTANCE,SHOT_CLOCK,DRIBBLES,TOUCHES,AREA,ASSISTS,EXTRA_PASS,FROM,END,TARGET,SITUATION,FINAL,PERIOD,SCORE,DIFFERENCE,PLAYER,Column,LINK,CHAMP_LEVEL,SEASON,COACH
vs Trieste R12,H,227.0,191.0,7.087384919700637,11.0,12.0,4.0,0.0,0.0,0.0,SHOT_IN,3_SHOT_MISSED,0.0,P,W,1.0,0--2,-2.0,Phil Greene IV,,team/vs Trieste R12/1,A2,2017/2018,Luca Dalmonte
vs Trieste R12,H,180.0,60.0,7.995,6.0,18.0,5.0,0.0,0.0,0.0,FT_IN,3_SHOT_MISSED,0.0,CO,W,1.0,0--4,-4.0,Jamal Jones,,team/vs Trieste R12/2,A2,2017/2019,Luca Dalmonte
vs Trieste R12,H,59.0,209.0,0.5418053155885424,21.0,3.0,1.0,1.0,1.0,0.0,STEAL,2_SHOT_MADE,1.0,FB,W,1.0,0--4,-4.0,Jamal Jones,,team/vs Trieste R12/3,A2,2017/2020,Luca Dalmonte
vs Trieste R12,H,58.0,240.0,1.0296295450306387,8.0,16.0,4.0,1.0,0.0,0.0,STEAL+THROW-IN,2_SHOT_MISSED,0.0,P+I,W,1.0,2--4,-2.0,Curtis Nwohuocha,,team/vs Trieste R12/4,A2,2017/2021,Luca Dalmonte
vs Trieste R12,H,89.0,214.0,1.639856091247034,23.0,2.0,1.0,1.0,0.0,0.0,STEAL,X_FS,0.0,FB,W,1.0,2--4,-2.0,Phil Greene IV,,team/vs Trieste R12/5,A2,2017/2022,Luca Dalmonte
vs Trieste R12,H,147.0,236.0,3.9772352206023722,13.0,10.0,4.0,1.0,0.0,0.0,THROW-IN,2_SHOT_MADE,1.0,I,W,1.0,2--4,-2.0,Jamal Jones,,team/vs Trieste R12/6,A2,2017/2022,Luca Dalmonte
vs Trieste R12,H,236.0,243.0,7.445834405894345,17.0,8.0,1.0,0.0,0.0,0.0,DR,3_SHOT_MISSED,0.0,FB,W,1.0,4--4,0.0,Simone Pierich,,team/vs Trieste R12/7,A2,2017/2023,Luca Dalmonte
vs Trieste R12,H,169.0,261.0,5.071349820314115,11.0,13.0,2.0,0.0,0.0,0.0,DR,2_SHOT_MADE,1.0,P+I,W,1.0,4--4,0.0,Jamal Jones,,team/vs Trieste R12/8,A2,2017/2024,Luca Dalmonte
vs Trieste R12,H,231.0,226.0,7.186590011959774,13.0,10.0,2.0,0.0,1.0,1.0,DR,3_SHOT_MADE,1.0,CO,W,1.0,6--4,2.0,Simone Pierich,,team/vs Trieste R12/9,A2,2017/2025,Luca Dalmonte
vs Trieste R12,H,262.0,225.0,8.392343296124151,2.0,27.0,3.0,0.0,0.0,0.0,STEAL+THROW-IN,3_SHOT_MISSED,0.0,I,W,1.0,9--4,5.0,Matteo Palermo,,team/vs Trieste R12/10,A2,2017/2026,Luca Dalmonte
vs Trieste R12,H,138.0,107.0,5.537725345301986,12.0,1.0,0.0,0.0,0.0,0.0,RO,2_SHOT_MADE,1.0,I,W,1.0,9--4,5.0,Jamal Jones,,team/vs Trieste R12/11,A2,2017/2027,Luca Dalmonte
vs Trieste R12,H,78.0,14.0,7.9702299214012635,3.0,22.0,4.0,0.0,0.0,0.0,SHOT_IN,3_SHOT_MISSED,0.0,CO,W,1.0,11--7,4.0,Jamal Jones,,team/vs Trieste R12/12,A2,2017/2028,Luca Dalmonte
vs Trieste R12,H,53.0,88.0,4.997481365648101,13.0,0.0,1.0,0.0,0.0,0.0,RO+FS+THROW-IN,2_SHOT_MISSED,0.0,I,W,1.0,11--7,4.0,Phil Greene IV,,team/vs Trieste R12/13,A2,2017/2029,Luca Dalmonte
vs Trieste R12,H,62.0,194.0,1.038455102544159,17.0,9.0,2.0,1.0,0.0,0.0,DR,2_SHOT_MADE,1.0,P,W,1.0,11--7,4.0,Phil Greene IV,,team/vs Trieste R12/14,A2,2017/2030,Luca Dalmonte
vs Trieste R12,H,98.0,130.0,3.8994149561184175,11.0,10.0,4.0,0.0,0.0,0.0,DR,X_TURNOVER,0.0,I,W,1.0,13--7,6.0,Matteo Palermo,,team/vs Trieste R12/15,A2,2017/2031,Luca Dalmonte
vs Trieste R12,H,184.0,203.0,5.367000838457173,5.0,18.0,4.0,0.0,0.0,0.0,SHOT_IN,2_FS,0.0,I,W,1.0,13--9,4.0,Phil Greene IV,,team/vs Trieste R12/16,A2,2017/2032,Luca Dalmonte
vs Trieste R12,H,146.0,212.0,3.8641502299988284,16.0,8.0,3.0,1.0,0.0,0.0,SHOT_IN,X_FS,0.0,I,W,1.0,15--12,3.0,Andrea Amato,,team/vs Trieste R12/17,A2,2017/2033,Luca Dalmonte
vs Trieste R12,H,259.0,19.0,11.286643123621833,0.0,11.0,4.0,0.0,0.0,0.0,THROW-IN,X_TURNOVER,0.0,I,W,1.0,15--12,3.0,Andrea Amato,,team/vs Trieste R12/18,A2,2017/2034,Luca Dalmonte
vs Trieste R12,H,88.0,243.0,1.914578282546838,11.0,12.0,3.0,1.0,0.0,0.0,STEAL+THROW-IN,X_FS,0.0,I,W,1.0,15--12,3.0,Jamal Jones,,team/vs Trieste R12/19,A2,2017/2035,Luca Dalmonte
vs Trieste R12,H,66.0,207.0,0.819928045623517,11.0,9.0,7.0,1.0,0.0,0.0,SHOT_IN,2_SHOT_MISSED,0.0,R,W,1.0,17--14,3.0,Mattia Udom,,team/vs Trieste R12/20,A2,2017/2036,Luca Dalmonte
vs Trieste R12,H,92.0,223.0,1.7761064157307693,21.0,4.0,0.0,1.0,0.0,0.0,STEAL,2_SHOT_MISSED,0.0,FB,W,1.0,17--14,3.0,Andrea Amato,,team/vs Trieste R12/21,A2,2017/2037,Luca Dalmonte
vs Trieste R12,H,66.0,244.0,1.3196760966237133,14.0,0.0,0.0,1.0,0.0,0.0,RO,2_SHOT_MADE,1.0,OR,W,1.0,17--14,3.0,Mattia Udom,,team/vs Trieste R12/22,A2,2017/2038,Luca Dalmonte
vs Trieste R12,H,71.0,200.0,1.1249319979447645,14.0,14.0,1.0,1.0,0.0,0.0,THROW-IN,2_SHOT_MISSED,0.0,P+I,W,2.0,19--17,2.0,Andrea Amato,,team/vs Trieste R12/23,A2,2017/2039,Luca Dalmonte
vs Trieste R12,H,209.0,320.0,7.507879860519879,11.0,10.0,3.0,0.0,1.0,0.0,SHOT_IN,3_SHOT_MADE,1.0,P,W,2.0,19--19,0.0,Riccardo Visconti,,team/vs Trieste R12/24,A2,2017/2040,Luca Dalmonte
vs Trieste R12,H,53.0,250.0,1.3464887671273014,4.0,14.0,6.0,1.0,0.0,0.0,DR,2_SHOT_MADE,1.0,I,W,2.0,22--19,3.0,Leonardo Tote,,team/vs Trieste R12/25,A2,2017/2041,Luca Dalmonte
vs Trieste R12,H,154.0,220.0,4.175914869821941,14.0,5.0,3.0,1.0,0.0,0.0,DR,2_SHOT_MISSED,0.0,I,W,2.0,24--19,5.0,Jamal Jones,,team/vs Trieste R12/26,A2,2017/2042,Luca Dalmonte
vs Trieste R12,H,251.0,229.0,7.972138044464609,15.0,10.0,3.0,0.0,0.0,0.0,SHOT_IN,X_FS,0.0,I,W,2.0,24--21,3.0,Andrea Amato,,team/vs Trieste R12/27,A2,2017/2043,Luca Dalmonte
vs Trieste R12,H,153.0,386.0,7.813248748120079,6.0,6.0,3.0,0.0,1.0,1.0,THROW-IN,3_SHOT_MADE,1.0,CO,W,2.0,24--21,3.0,Riccardo Visconti,,team/vs Trieste R12/28,A2,2017/2044,Luca Dalmonte
vs Trieste R12,H,47.0,230.0,0.546,15.0,6.0,2.0,1.0,0.0,0.0,DR,2_FS,0.0,I,W,2.0,27--21,6.0,Mattia Udom,,team/vs Trieste R12/29,A2,2017/2045,Luca Dalmonte
vs Trieste R12,H,224.0,290.0,7.482005412989221,10.0,15.0,2.0,0.0,0.0,0.0,SHOT_IN,3_SHOT_MISSED,0.0,CO,W,2.0,29--23,6.0,Mattia Udom,,team/vs Trieste R12/30,A2,2017/2046,Luca Dalmonte
vs Trieste R12,H,229.0,154.0,7.498555060810049,15.0,8.0,3.0,0.0,0.0,0.0,DR,3_SHOT_MISSED,0.0,CO,W,2.0,29--23,6.0,Leonardo Tote,,team/vs Trieste R12/31,A2,2017/2047,Luca Dalmonte
vs Trieste R12,H,68.0,260.0,1.9014249919468293,12.0,2.0,0.0,1.0,0.0,0.0,OR,2_SHOT_MISSED,0.0,I,W,2.0,29--23,6.0,Mattia Udom,,team/vs Trieste R12/32,A2,2017/2048,Luca Dalmonte
vs Trieste R12,H,109.0,213.0,2.4208289902428053,4.0,20.0,2.0,1.0,0.0,0.0,FT_IN,2_SHOT_MADE,1.0,I,W,2.0,29--24,4.0,Phil Greene IV,,team/vs Trieste R12/33,A2,2017/2049,Luca Dalmonte
vs Trieste R12,H,72.0,219.0,0.9819949083371055,22.0,1.0,1.0,1.0,0.0,0.0,STEAL,2_SHOT_MADE,1.0,FB,W,2.0,31--24,7.0,Phil Greene IV,,team/vs Trieste R12/34,A2,2017/2050,Luca Dalmonte
vs Trieste R12,H,174.0,333.0,6.734476817095743,21.0,3.0,1.0,0.0,0.0,0.0,STEAL,2_SHOT_MISSED,0.0,FB,W,2.0,33--24,9.0,Andrea Amato,,team/vs Trieste R12/35,A2,2017/2051,Luca Dalmonte
vs Trieste R12,H,48.0,20.0,7.644099489148477,6.0,14.0,5.0,0.0,1.0,1.0,DR,3_SHOT_MADE,1.0,CO,W,2.0,33--24,9.0,Andrea Amato,,team/vs Trieste R12/36,A2,2017/2052,Luca Dalmonte
vs Trieste R12,H,186.0,85.0,7.449102093541208,6.0,12.0,3.0,0.0,0.0,0.0,SHOT_IN,3_SHOT_MADE,1.0,I,W,2.0,36--26,10.0,Phil Greene IV,,team/vs Trieste R12/37,A2,2017/2053,Luca Dalmonte
vs Trieste R12,H,63.0,277.0,2.4594749439666996,8.0,22.0,1.0,1.0,0.0,0.0,SHOT_IN,2_BLOCK+THROW-IN,0.0,I,W,2.0,39--29,10.0,Andrea Amato,,team/vs Trieste R12/38,A2,2017/2054,Luca Dalmonte
vs Trieste R12,H,69.0,303.0,3.4998018515338836,7.0,1.0,1.0,0.0,0.0,0.0,THROW-IN,2_FS,0.0,I,W,2.0,39--29,10.0,Leonardo Tote,,team/vs Trieste R12/39,A2,2017/2055,Luca Dalmonte
vs Trieste R12,H,205.0,78.0,8.181452682745284,4.0,17.0,5.0,0.0,1.0,0.0,TURNOVERS+THROW-IN,3_SHOT_MADE,1.0,CO,W,2.0,40--29,11.0,Andrea Amato,,team/vs Trieste R12/40,A2,2017/2056,Luca Dalmonte
vs Trieste R12,H,217.0,307.0,7.520126395214379,13.0,12.0,2.0,0.0,0.0,0.0,OF+THROW-IN,3_SHOT_MISSED,0.0,CO,W,2.0,43--29,14.0,Phil Greene IV,,team/vs Trieste R12/41,A2,2017/2057,Luca Dalmonte
vs Trieste R12,H,62.0,198.0,0.9137992120810785,5.0,15.0,3.0,1.0,0.0,0.0,DR,2_SHOT_MADE,1.0,I,W,2.0,43--29,14.0,Phil Greene IV,,team/vs Trieste R12/42,A2,2017/2058,Luca Dalmonte
vs Trieste R12,H,652.0,144.0,2.9989453146064533,7.0,19.0,3.0,1.0,0.0,0.0,SHOT_IN,X_TURNOVER,0.0,I,W,3.0,45--32,13.0,Curtis Nwohuocha,,team/vs Trieste R12/43,A2,2017/2059,Luca Dalmonte
vs Trieste R12,H,674.0,180.0,1.4174769839401273,13.0,14.0,1.0,1.0,0.0,0.0,SHOT_IN,2_SHOT_MADE,1.0,I,W,3.0,45--35,10.0,Matteo Palermo,,team/vs Trieste R12/44,A2,2017/2060,Luca Dalmonte
vs Trieste R12,H,542.0,72.0,7.751587256813924,0.0,22.0,7.0,0.0,0.0,0.0,DR,X_FS,0.0,I,W,3.0,47--35,12.0,Matteo Palermo,,team/vs Trieste R12/45,A2,2017/2061,Luca Dalmonte
vs Trieste R12,H,456.0,144.0,9.139073968406208,7.0,7.0,2.0,0.0,0.0,0.0,THROW-IN,X_TURNOVER,0.0,P,W,3.0,47--35,12.0,Phil Greene IV,,team/vs Trieste R12/46,A2,2017/2062,Luca Dalmonte
vs Trieste R12,H,504.0,308.0,7.7106659245489295,6.0,21.0,3.0,0.0,0.0,0.0,THROW-IN,3_SHOT_MISSED,0.0,P+I,W,3.0,47--37,10.0,Phil Greene IV,,team/vs Trieste R12/47,A2,2017/2063,Luca Dalmonte
vs Trieste R12,H,503.0,147.0,7.372650608838046,3.0,8.0,2.0,0.0,0.0,0.0,OR,3_SHOT_MISSED,0.0,P+I,W,3.0,47--37,10.0,Matteo Palermo,,team/vs Trieste R12/48,A2,2017/2064,Luca Dalmonte
vs Trieste R12,H,465.0,169.0,8.544916910069986,0.0,27.0,3.0,0.0,0.0,0.0,SHOT_IN,X_TURNOVER,0.0,I,W,3.0,47--39,8.0,Matteo Palermo,,team/vs Trieste R12/49,A2,2017/2065,Luca Dalmonte
vs Trieste R12,H,648.0,168.0,2.228466961837218,16.0,12.0,2.0,1.0,0.0,0.0,SHOT_IN,2_SHOT_MISSED,0.0,I,W,3.0,47--41,6.0,Phil Greene IV,,team/vs Trieste R12/50,A2,2017/2066,Luca Dalmonte
vs Trieste R12,H,661.0,215.0,0.7030824987154779,13.0,0.0,0.0,1.0,1.0,0.0,OR,2_SHOT_MADE,1.0,OR,W,3.0,47--41,6.0,Mattia Udom,,team/vs Trieste R12/51,A2,2017/2067,Luca Dalmonte
vs Trieste R12,H,535.0,247.0,5.744661608833022,9.0,11.0,3.0,0.0,0.0,0.0,FT_OUT,2_SHOT_MISSED,0.0,P,W,3.0,49--43,6.0,Phil Greene IV,,team/vs Trieste R12/52,A2,2017/2068,Luca Dalmonte
vs Trieste R12,H,666.0,236.0,0.9302951144663719,2.0,1.0,2.0,1.0,0.0,0.0,OR,2_FS,0.0,C,W,3.0,49--43,6.0,Iris Ikangi,,team/vs Trieste R12/53,A2,2017/2069,Luca Dalmonte
vs Trieste R12,H,450.0,56.0,10.894969527263488,11.0,12.0,2.0,0.0,0.0,0.0,SHOT_IN,X_TURNOVER,0.0,I,W,3.0,51--45,6.0,Iris Ikangi,,team/vs Trieste R12/54,A2,2017/2070,Luca Dalmonte
vs Trieste R12,H,666.0,236.0,0.9302951144663719,4.0,14.0,4.0,1.0,0.0,0.0,TURNOVERS+THROW-IN,2_BLOCK,0.0,I,W,3.0,51--47,4.0,Mattia Udom,,team/vs Trieste R12/55,A2,2017/2071,Luca Dalmonte
vs Trieste R12,H,524.0,91.0,7.765800023178552,11.0,8.0,4.0,0.0,0.0,0.0,SHOT_IN,3_SHOT_MISSED,0.0,I,W,3.0,51--50,1.0,Mattia Udom,,team/vs Trieste R12/56,A2,2017/2072,Luca Dalmonte
vs Trieste R12,H,518.0,322.0,7.5176989165568475,11.0,11.0,5.0,0.0,0.0,0.0,TURNOVERS+THROW-IN,3_SHOT_MISSED,0.0,P,W,3.0,51--50,1.0,Andrea Amato,,team/vs Trieste R12/57,A2,2017/2073,Luca Dalmonte
vs Trieste R12,H,545.0,358.0,7.614494073804247,14.0,7.0,2.0,0.0,0.0,0.0,STEAL,3_SHOT_MISSED,0.0,CO,W,3.0,51--52,-1.0,Mattia Udom,,team/vs Trieste R12/58,A2,2017/2074,Luca Dalmonte
vs Trieste R12,H,524.0,104.0,7.457978881707832,7.0,15.0,5.0,0.0,0.0,0.0,SHOT_IN,3_SHOT_MISSED,0.0,I,W,3.0,51--54,-3.0,Andrea Amato,,team/vs Trieste R12/59,A2,2017/2075,Luca Dalmonte
vs Trieste R12,H,619.0,267.0,3.0711107111271647,14.0,14.0,2.0,1.0,0.0,0.0,SHOT_IN,X_FS,0.0,I,W,3.0,51--57,-6.0,Riccardo Visconti,,team/vs Trieste R12/60,A2,2017/2076,Luca Dalmonte
vs Trieste R12,H,504.0,151.0,7.280580334011843,5.0,6.0,3.0,0.0,0.0,0.0,THROW-IN,3_SHOT_MADE,1.0,I,W,3.0,51--57,-6.0,Andrea Amato,,team/vs Trieste R12/61,A2,2017/2077,Luca Dalmonte
vs Trieste R12,H,648.0,248.0,1.7375802139757461,18.0,4.0,1.0,1.0,0.0,0.0,STEAL,2_FS,0.0,FB,W,3.0,54--57,-3.0,Leonardo Tote,,team/vs Trieste R12/62,A2,2017/2078,Luca Dalmonte
vs Trieste R12,H,404.0,70.0,12.142786377104722,11.0,10.0,1.0,0.0,0.0,0.0,THROW-IN,X_TURNOVER,0.0,I,W,4.0,54--60,-6.0,Andrea Amato,,team/vs Trieste R12/63,A2,2017/2079,Luca Dalmonte
vs Trieste R12,H,630.0,242.0,2.1633578067439516,20.0,4.0,0.0,1.0,0.0,0.0,STEAL,2_FS,0.0,FB,W,4.0,55--60,-5.0,Phil Greene IV,,team/vs Trieste R12/64,A2,2017/2080,Luca Dalmonte
vs Trieste R12,H,658.0,178.0,1.6932468809952081,18.0,6.0,1.0,1.0,1.0,1.0,DR,2_SHOT_MADE,1.0,FB,W,4.0,57--60,-3.0,Phil Greene IV,,team/vs Trieste R12/65,A2,2017/2081,Luca Dalmonte
vs Trieste R12,H,679.0,228.0,0.46799999999999997,18.0,6.0,0.0,1.0,0.0,0.0,DR,2_FS,0.0,FB,W,4.0,59--60,-1.0,Andrea Amato,,team/vs Trieste R12/66,A2,2017/2082,Luca Dalmonte
vs Trieste R12,H,420.0,166.0,10.287502174969392,6.0,16.0,3.0,0.0,0.0,0.0,SHOT_IN,X_FS,0.0,I,W,4.0,61--62,-1.0,Phil Greene IV,,team/vs Trieste R12/67,A2,2017/2083,Luca Dalmonte
vs Trieste R12,H,637.0,184.0,2.0592590900612775,9.0,5.0,2.0,1.0,0.0,0.0,THROW-IN,2_FS,0.0,P,W,4.0,61--62,-1.0,Andrea Amato,,team/vs Trieste R12/68,A2,2017/2084,Luca Dalmonte
vs Trieste R12,H,631.0,204.0,1.929613432789065,15.0,7.0,2.0,1.0,0.0,0.0,DR,2_SHOT_MISSED,0.0,I,W,4.0,63--62,1.0,Phil Greene IV,,team/vs Trieste R12/69,A2,2017/2085,Luca Dalmonte
vs Trieste R12,H,623.0,240.0,2.3761212090295394,8.0,3.0,1.0,1.0,0.0,0.0,OR,X_TURNOVER,0.0,I,W,4.0,63--62,1.0,Jamal Jones,,team/vs Trieste R12/70,A2,2017/2086,Luca Dalmonte
vs Trieste R12,H,565.0,378.0,7.725544640994575,6.0,15.0,4.0,0.0,1.0,0.0,STEAL+THROW-IN,3_SHOT_MADE,1.0,CO,W,4.0,63--62,1.0,Andrea Amato,,team/vs Trieste R12/71,A2,2017/2087,Luca Dalmonte
vs Trieste R12,H,533.0,347.0,7.650066470299457,3.0,21.0,4.0,0.0,0.0,0.0,DR,3_SHOT_MISSED,0.0,CO,W,4.0,66--62,4.0,Mattia Udom,,team/vs Trieste R12/72,A2,2017/2088,Luca Dalmonte
vs Trieste R12,H,632.0,201.0,1.9240878358328655,8.0,20.0,1.0,1.0,0.0,0.0,DR,2_SHOT_MISSED,0.0,I,W,4.0,66--62,4.0,Phil Greene IV,,team/vs Trieste R12/73,A2,2017/2089,Luca Dalmonte
vs Trieste R12,H,592.0,220.0,3.3965843136892686,8.0,20.0,2.0,1.0,0.0,0.0,DR,2_SHOT_MADE,1.0,I,W,4.0,66--62,4.0,Jamal Jones,,team/vs Trieste R12/74,A2,2017/2090,Luca Dalmonte
vs Trieste R12,H,506.0,99.0,8.145119888620425,13.0,11.0,3.0,0.0,0.0,0.0,SHOT_IN,3_SHOT_MADE,1.0,I,W,4.0,68--65,3.0,Andrea Amato,,team/vs Trieste R12/75,A2,2017/2091,Luca Dalmonte
vs Trieste R12,H,621.0,164.0,3.03799736668747,8.0,18.0,1.0,1.0,0.0,0.0,STEAL,2_SHOT_MADE,1.0,I,W,4.0,71--65,6.0,Phil Greene IV,,team/vs Trieste R12/76,A2,2017/2092,Luca Dalmonte
vs Trieste R12,H,661.0,234.0,0.9927779207859126,14.0,11.0,1.0,1.0,0.0,0.0,SHOT_IN,2_SHOT_MADE,1.0,I,W,4.0,73--68,5.0,Andrea Amato,,team/vs Trieste R12/77,A2,2017/2093,Luca Dalmonte
vs Trieste R12,H,638.0,264.0,2.4619473999255144,8.0,17.0,2.0,1.0,0.0,0.0,SHOT_IN,2_FS,0.0,I,W,4.0,75--70,5.0,Jamal Jones,,team/vs Trieste R12/78,A2,2017/2094,Luca Dalmonte
vs Trieste R12,H,669.0,207.0,0.5246913378358747,17.0,3.0,3.0,1.0,1.0,0.0,SHOT_IN,2_SHOT_MADE,1.0,FB,W,4.0,77--72,7.0,Jamal Jones,,team/vs Trieste R12/79,A2,2017/2095,Luca Dalmonte
vs Trieste R12,H,577.0,321.0,5.709072516617739,16.0,7.0,2.0,0.0,0.0,0.0,SHOT_IN,X_TURNOVER,0.0,I,W,4.0,79--74,5.0,Leonardo Tote,,team/vs Trieste R12/80,A2,2017/2096,Luca Dalmonte
vs Trieste R12,H,673.0,197.0,0.7770694949616798,6.0,20.0,1.0,1.0,0.0,0.0,SHOT_IN,2_SHOT_MISSED,0.0,I,W,4.0,79--77,2.0,Andrea Amato,,team/vs Trieste R12/81,A2,2017/2097,Luca Dalmonte
vs Trieste R12,H,599.0,170.0,3.5990048624585103,0.0,5.0,1.0,1.0,0.0,0.0,THROW-IN,2_SHOT_MADE,1.0,I,W,4.0,79--79,0.0,Phil Greene IV,,team/vs Trieste R12/82,A2,2017/2098,Luca Dalmonte
Treviso,A,194.0,130.0,6.642033197749015,5.0,5.0,4.0,0.0,0.0,0.0,THROW-IN,2_SHOT_MISSED,0.0,I,L,1.0,2--0,-2.0,Leonardo Tote,,team/@Treviso/1,A2,2017/2018,Luca Dalmonte
Treviso,A,62.0,254.0,1.5932824608336087,7.0,15.0,2.0,1.0,0.0,0.0,THROW-IN,2_SHOT_MISSED,0.0,I,L,1.0,5--0,-5.0,Matteo Palermo,,team/@Treviso/2,A2,2017/2018,Luca Dalmonte
Treviso,A,124.0,274.0,3.7596080912776,10.0,15.0,3.0,1.0,0.0,0.0,DR,2_SHOT_MADE,1.0,P+I,L,1.0,5--0,-5.0,Phil Greene IV,,team/@Treviso/3,A2,2017/2018,Luca Dalmonte
Treviso,A,220.0,37.0,9.708571985621777,9.0,14.0,5.0,0.0,0.0,0.0,DR,X_TURNOVER,0.0,I,L,1.0,5--2,-3.0,Matteo Palermo,,team/@Treviso/4,A2,2017/2018,Luca Dalmonte
Treviso,A,152.0,270.0,4.604808465072136,16.0,6.0,3.0,0.0,0.0,0.0,THROW-IN,2_SHOT_MISSED,0.0,I,L,1.0,5--2,-3.0,Iris Ikangi,,team/@Treviso/5,A2,2017/2018,Luca Dalmonte
Treviso,A,77.0,178.0,1.8881800761579919,9.0,6.0,1.0,1.0,0.0,0.0,THROW-IN,2_SHOT_MISSED,0.0,I,L,1.0,5--2,-3.0,Phil Greene IV,,team/@Treviso/6,A2,2017/2018,Luca Dalmonte
Treviso,A,84.0,410.0,7.702376581289699,7.0,13.0,6.0,0.0,0.0,0.0,THROW-IN,3_SHOT_MISSED,0.0,CO,L,1.0,8--2,-6.0,Riccardo Visconti,,team/@Treviso/7,A2,2017/2018,Luca Dalmonte
Treviso,A,135.0,313.0,5.107809021488567,8.0,19.0,1.0,0.0,0.0,0.0,THROW-IN,2_SHOT_MADE,0.0,I,L,1.0,11--2,-9.0,Matteo Palermo,,team/@Treviso/8,A2,2017/2018,Luca Dalmonte
Treviso,A,226.0,265.0,7.237836831540208,7.0,3.0,2.0,0.0,0.0,0.0,THROW-IN,3_SHOT_MISSED,0.0,CO,L,1.0,11--4,-7.0,Leonardo Tote,,team/@Treviso/9,A2,2017/2018,Luca Dalmonte
Treviso,A,106.0,204.0,2.3481109428644977,5.0,8.0,3.0,1.0,0.0,0.0,THROW-IN,2_SHOT_MADE,1.0,P+I,L,1.0,14--4,-10.0,Phil Greene IV,,team/@Treviso/10,A2,2017/2018,Luca Dalmonte
Treviso,A,155.0,119.0,5.6614514923295065,13.0,8.0,3.0,0.0,0.0,0.0,SHOT_IN,2_SHOT_MADE,1.0,P+I,L,1.0,17--6,-11.0,Phil Greene IV,,team/@Treviso/11,A2,2017/2018,Luca Dalmonte
Treviso,A,150.0,380.0,7.552820996157661,17.0,7.0,1.0,0.0,1.0,0.0,STEAL,3_SHOT_MADE,1.0,CO,L,1.0,17--8,-9.0,Simone Pierich,,team/@Treviso/12,A2,2017/2018,Luca Dalmonte
Treviso,A,91.0,359.0,5.835030848247505,2.0,19.0,5.0,0.0,0.0,0.0,SHOT_IN,2_SHOT_MISSED,0.0,I,L,1.0,20--11,-9.0,Mattia Udom,,team/@Treviso/13,A2,2017/2018,Luca Dalmonte
Treviso,A,67.0,382.0,6.520818660260382,11.0,13.0,3.0,0.0,1.0,0.0,AFTER_TO,2_SHOT_MADE,1.0,CO,L,1.0,22--11,-11.0,Simone Pierich,,team/@Treviso/14,A2,2017/2018,Luca Dalmonte
Treviso,A,61.0,19.0,7.702376581289699,17.0,4.0,2.0,0.0,0.0,0.0,STEAL,3_SHOT_MISSED,0.0,CO,L,1.0,22--13,-9.0,Riccardo Visconti,,team/@Treviso/15,A2,2017/2018,Luca Dalmonte
Treviso,A,224.0,270.0,7.217107800220251,8.0,2.0,3.0,0.0,0.0,0.0,THROW-IN,3_SHOT_MISSED,0.0,P,L,1.0,24--13,-11.0,Andrea Amato,,team/@Treviso/16,A2,2017/2018,Luca Dalmonte
Treviso,A,78.0,58.0,6.279484453360801,10.0,2.0,1.0,0.0,0.0,0.0,THROW-IN,2_SHOT_MISSED,0.0,I,L,1.0,24--13,-11.0,Phil Greene IV,,team/@Treviso/17,A2,2017/2018,Luca Dalmonte
Treviso,A,104.0,333.0,5.075696799455223,12.0,11.0,2.0,0.0,0.0,0.0,THROW-IN,2_SHOT_MISSED,0.0,I,L,1.0,24--13,-11.0,Mattia Udom,,team/@Treviso/18,A2,2017/2018,Luca Dalmonte
Treviso,A,68.0,226.0,0.9071168612698146,11.0,2.0,1.0,0.0,0.0,0.0,THROW-IN,X_FS,0.0,I,L,1.0,24--13,-11.0,Mattia Udom,,team/@Treviso/19,A2,2017/2018,Luca Dalmonte
Treviso,A,435.0,213.0,15.132452312827555,22.0,3.0,1.0,0.0,0.0,0.0,THROW-IN,X_TURNOVER,0.0,I,L,2.0,24--13,-11.0,Andrea Amato,,team/@Treviso/20,A2,2017/2018,Luca Dalmonte
Treviso,A,73.0,163.0,2.302321654330689,10.0,12.0,3.0,1.0,0.0,0.0,SHOT_IN,2_SHOT_MADE,1.0,I,L,2.0,26--13,-13.0,Andrea Amato,,team/@Treviso/21,A2,2017/2018,Luca Dalmonte
Treviso,A,267.0,251.0,8.68790106987873,17.0,10.0,1.0,0.0,0.0,0.0,SHOT_IN,X_TURNOVER,0.0,I,L,2.0,29--16,-13.0,Andrea Amato,,team/@Treviso/22,A2,2017/2018,Luca Dalmonte
Treviso,A,121.0,24.0,8.02490747610214,7.0,11.0,4.0,0.0,0.0,0.0,DR,3_SHOT_MISSED,0.0,CO,L,2.0,29--16,-13.0,Omar Dieng,,team/@Treviso/23,A2,2017/2018,Luca Dalmonte
Treviso,A,63.0,239.0,1.092696206637508,12.0,11.0,1.0,1.0,0.0,0.0,SHOT_IN,2_SHOT_MISSED,0.0,P+I,L,2.0,31--16,-15.0,Andrea Amato,,team/@Treviso/24,A2,2017/2018,Luca Dalmonte
Treviso,A,90.0,246.0,2.0448053697112596,8.0,10.0,5.0,1.0,0.0,0.0,STEAL,X_FS,0.0,I,L,2.0,31--16,-15.0,Mattia Udom,,team/@Treviso/25,A2,2017/2018,Luca Dalmonte
Treviso,A,60.0,245.0,1.239439389401515,12.0,8.0,4.0,1.0,0.0,0.0,DR,2_FS,1.0,I,L,2.0,31--20,-11.0,Mattia Udom,,team/@Treviso/27,A2,2017/2018,Luca Dalmonte
Treviso,A,227.0,253.0,7.166773960437151,14.0,9.0,3.0,0.0,0.0,0.0,STEAL,3_SHOT_MISSED,0.0,P,L,2.0,31--21,-10.0,Mattia Udom,,team/@Treviso/28,A2,2017/2018,Luca Dalmonte
Treviso,A,221.0,280.0,7.2304779924981455,1.0,4.0,6.0,0.0,0.0,0.0,THROW-IN,3_SHOT_MISSED,,CO,L,2.0,33--21,-12.0,Simone Pierich,,team/@Treviso/29,A2,2017/2018,Luca Dalmonte
Treviso,A,226.0,266.0,7.248231577426318,4.0,12.0,7.0,0.0,1.0,0.0,SHOT_IN,3_SHOT_MADE,1.0,CO,L,2.0,36--21,-15.0,Simone Pierich,,team/@Treviso/30,A2,2017/2018,Luca Dalmonte
Treviso,A,164.0,344.0,6.763211737037367,2.0,3.0,1.0,0.0,0.0,0.0,THROW-IN,2_SHOT_MISSED,0.0,I,L,2.0,36--24,-12.0,Mattia Udom,,team/@Treviso/31,A2,2017/2018,Luca Dalmonte
Treviso,A,188.0,342.0,7.374713350361491,11.0,11.0,3.0,0.0,0.0,0.0,DR,3_SHOT_MISSED,0.0,P+I,L,2.0,36--24,-12.0,Phil Greene IV,,team/@Treviso/32,A2,2017/2018,Luca Dalmonte
Treviso,A,59.0,179.0,1.5169947264245844,13.0,8.0,2.0,1.0,0.0,0.0,SHOT_IN,2_SHOT_MISSED,0.0,I,L,2.0,38--24,-14.0,Simone Pierich,,team/@Treviso/33,A2,2017/2018,Luca Dalmonte
Treviso,A,133.0,394.0,7.709778206926578,2.0,18.0,6.0,0.0,0.0,0.0,AFTER_TO,3_SHOT_MISSED,0.0,CO,L,2.0,41--24,-17.0,Matteo Palermo,,team/@Treviso/34,A2,2017/2018,Luca Dalmonte
Treviso,A,185.0,350.0,7.5017997840518245,6.0,9.0,3.0,0.0,0.0,0.0,THROW-IN,3_SHOT_MISSED,0.0,P+I,L,2.0,41--24,-17.0,Mattia Udom,,team/@Treviso/35,A2,2017/2018,Luca Dalmonte
Treviso,A,115.0,290.0,3.919451492237147,7.0,5.0,4.0,0.0,0.0,0.0,OR,X_TURNOVER,0.0,I,L,2.0,41--24,-17.0,Mattia Udom,,team/@Treviso/36,A2,2017/2018,Luca Dalmonte
Treviso,A,59.0,249.0,1.3694498895541962,16.0,8.0,1.0,1.0,0.0,0.0,SHOT_IN,X_FS,0.0,I,L,2.0,43--24,-19.0,Matteo Palermo,,team/@Treviso/37,A2,2017/2018,Luca Dalmonte
Treviso,A,67.0,230.0,0.9521113380272288,9.0,11.0,4.0,1.0,1.0,0.0,DR,2_SHOT_MADE,1.0,C,L,2.0,43--25,-18.0,Mattia Udom,,team/@Treviso/38,A2,2017/2018,Luca Dalmonte
Treviso,A,206.0,73.0,8.339983812933932,1.0,17.0,7.0,0.0,0.0,0.0,DR,3_SHOT_MISSED,0.0,CO,L,2.0,43--27,-16.0,Phil Greene IV,,team/@Treviso/39,A2,2017/2018,Luca Dalmonte
Treviso,A,497.0,224.0,7.104853833823748,9.0,13.0,2.0,0.0,1.0,0.0,SHOT_IN,3_SHOT_MADE,1.0,CO,L,3.0,45--27,-18.0,Mattia Udom,,team/@Treviso/40,A2,2017/2018,Luca Dalmonte
Treviso,A,679.0,236.0,0.78,9.0,11.0,5.0,1.0,1.0,0.0,SHOT_IN,2_SHOT_MADE,1.0,C,L,3.0,47--30,-17.0,Mattia Udom,,team/@Treviso/41,A2,2017/2018,Luca Dalmonte
Treviso,A,626.0,408.0,7.768052072431029,10.0,5.0,4.0,0.0,1.0,1.0,THROW-IN,3_SHOT_MADE,1.0,CO,L,3.0,47--32,-15.0,Phil Greene IV,,team/@Treviso/42,A2,2017/2018,Luca Dalmonte
Treviso,A,663.0,251.0,1.5008667495817207,12.0,10.0,3.0,1.0,0.0,0.0,SHOT_IN,X_FS,0.0,P+I,L,3.0,49--35,-14.0,Andrea Amato,,team/@Treviso/43,A2,2017/2018,Luca Dalmonte
Treviso,A,642.0,253.0,2.040710170504376,7.0,4.0,2.0,0.0,0.0,0.0,THROW-IN,X_TURNOVER,0.0,P+I,L,3.0,49--37,-12.0,Andrea Amato,,team/@Treviso/44,A2,2017/2018,Luca Dalmonte
Treviso,A,663.0,243.0,1.2240036764650668,18.0,4.0,2.0,1.0,0.0,0.0,STEAL,2_SHOT_MISSED,0.0,C,L,3.0,49--37,-12.0,Mattia Udom,,team/@Treviso/45,A2,2017/2018,Luca Dalmonte
Treviso,A,521.0,119.0,7.230583171501452,9.0,13.0,4.0,0.0,0.0,0.0,SHOT_IN,3_SHOT_MISSED,0.0,I,L,3.0,52--37,-15.0,Phil Greene IV,,team/@Treviso/46,A2,2017/2018,Luca Dalmonte
Treviso,A,662.0,410.0,7.594993416718674,7.0,7.0,7.0,0.0,1.0,0.0,SHOT_IN,3_SHOT_MADE,1.0,CO,L,3.0,54--37,-17.0,Simone Pierich,,team/@Treviso/47,A2,2017/2018,Luca Dalmonte
Treviso,A,697.0,125.0,3.617762430011125,16.0,7.0,2.0,0.0,0.0,0.0,THROW-IN,X_TURNOVER,0.0,I,L,3.0,54--40,-14.0,Phil Greene IV,,team/@Treviso/48,A2,2017/2018,Luca Dalmonte
Treviso,A,506.0,157.0,7.128576996848669,14.0,7.0,3.0,0.0,0.0,0.0,THROW-IN,3_SHOT_MISSED,0.0,I,L,3.0,55--40,-15.0,Andrea Amato,,team/@Treviso/49,A2,2017/2018,Luca Dalmonte
Treviso,A,673.0,245.0,1.154953245806946,2.0,14.0,5.0,1.0,0.0,0.0,SHOT_IN,2_SHOT_MADE,1.0,I,L,3.0,58--40,-18.0,Riccardo Visconti,,team/@Treviso/50,A2,2017/2018,Luca Dalmonte
Treviso,A,656.0,237.0,1.214648097187,8.0,14.0,3.0,1.0,0.0,0.0,SHOT_IN,2_SHOT_MISSED,0.0,I,L,3.0,61--42,-19.0,Andrea Amato,,team/@Treviso/51,A2,2017/2018,Luca Dalmonte
Treviso,A,464.0,235.0,8.417678183442273,2.0,20.0,6.0,0.0,0.0,0.0,THROW-IN,X_TURNOVER,0.0,I,L,3.0,62--42,-20.0,Riccardo Visconti,,team/@Treviso/52,A2,2017/2018,Luca Dalmonte
Treviso,A,505.0,273.0,7.1408350352042165,9.0,2.0,2.0,0.0,1.0,0.0,THROW-IN,3_SHOT_MADE,1.0,OS,L,3.0,64--42,-22.0,Riccardo Visconti,,team/@Treviso/53,A2,2017/2018,Luca Dalmonte
Treviso,A,661.0,193.0,1.1390403855877982,7.0,10.0,3.0,1.0,0.0,0.0,THROW-IN,2_SHOT_MADE,0.0,I,L,3.0,64--45,-19.0,Phil Greene IV,,team/@Treviso/54,A2,2017/2018,Luca Dalmonte
Treviso,A,526.0,341.0,7.705239386287749,5.0,22.0,2.0,0.0,0.0,0.0,DR,3_SHOT_MISSED,0.0,CO,L,3.0,64--47,-17.0,Riccardo Visconti,,team/@Treviso/55,A2,2017/2018,Luca Dalmonte
Treviso,A,634.0,380.0,6.632408386099276,11.0,1.0,1.0,0.0,1.0,0.0,OR,2_SHOT_MADE,1.0,CO,L,3.0,64--47,-17.0,Phil Greene IV,,team/@Treviso/56,A2,2017/2018,Luca Dalmonte
Treviso,A,286.0,176.0,15.406184764567767,22.0,1.0,0.0,0.0,0.0,0.0,STEAL,X_FS,0.0,FB,L,3.0,64--49,-15.0,Mattia Udom,,team/@Treviso/57,A2,2017/2018,Luca Dalmonte
Treviso,A,665.0,194.0,1.0169955752116133,2.0,8.0,1.0,1.0,0.0,0.0,THROW-IN,2_FS,1.0,I,L,3.0,64--49,-15.0,Andrea Amato,,team/@Treviso/58,A2,2017/2018,Luca Dalmonte
Treviso,A,572.0,330.0,6.097609777609584,14.0,8.0,4.0,0.0,1.0,0.0,THROW-IN,2_SHOT_MADE,1.0,OS,L,4.0,64--52,-13.0,Phil Greene IV,,team/@Treviso/59,A2,2017/2018,Luca Dalmonte
Treviso,A,499.0,160.0,7.351887920799664,10.0,11.0,3.0,0.0,0.0,0.0,THROW-IN,3_SHOT_MADE,1.0,I,L,4.0,67--55,-12.0,Andrea Amato,,team/@Treviso/61,A2,2017/2018,Luca Dalmonte
Treviso,A,525.0,96.0,7.614094562060547,20.0,5.0,1.0,0.0,1.0,0.0,DR,3_SHOT_MADE,1.0,CO,L,4.0,67--58,-9.0,Andrea Amato,,team/@Treviso/62,A2,2017/2018,Luca Dalmonte
Treviso,A,667.0,187.0,1.2240036764650668,4.0,17.0,4.0,1.0,0.0,0.0,SHOT_IN,2_SHOT_MISSED,0.0,I,L,4.0,69--61,-8.0,Mattia Udom,,team/@Treviso/63,A2,2017/2018,Luca Dalmonte
Treviso,A,539.0,80.0,7.612096688823652,18.0,4.0,1.0,0.0,0.0,0.0,BLOCK,3_SHOT_MISSED,0.0,CO,L,4.0,69--61,-8.0,Andrea Amato,,team/@Treviso/64,A2,2017/2018,Luca Dalmonte
Treviso,A,535.0,184.0,5.7529957413507615,11.0,13.0,2.0,0.0,0.0,0.0,SHOT_IN,2_SHOT_MISSED,0.0,I,L,4.0,71--61,-10.0,Phil Greene IV,,team/@Treviso/65,A2,2017/2018,Luca Dalmonte
Treviso,A,616.0,27.0,7.769716211033708,8.0,11.0,5.0,0.0,0.0,0.0,STEAL,3_SHOT_MISSED,0.0,P+CO,L,4.0,74--61,-13.0,Mattia Udom,,team/@Treviso/66,A2,2017/2018,Luca Dalmonte
Treviso,A,544.0,197.0,5.316888751892407,7.0,13.0,5.0,0.0,0.0,0.0,DR,X_TURNOVER,0.0,I,L,4.0,74--61,-13.0,Phil Greene IV,,team/@Treviso/67,A2,2017/2018,Luca Dalmonte
Treviso,A,610.0,213.0,2.693542277373793,11.0,7.0,3.0,1.0,0.0,0.0,THROW-IN,X_TURNOVER,0.0,I,L,4.0,75--61,-14.0,Phil Greene IV,,team/@Treviso/68,A2,2017/2018,Luca Dalmonte
Treviso,A,487.0,174.0,7.665062817746505,10.0,3.0,2.0,0.0,0.0,0.0,THROW-IN,X_TURNOVER,0.0,P,L,4.0,77--61,-16.0,Andrea Amato,,team/@Treviso/69,A2,2017/2018,Luca Dalmonte
Treviso,A,390.0,33.0,13.340622549191622,21.0,5.0,1.0,0.0,0.0,0.0,THROW-IN,X_FS,0.0,I,L,4.0,79--61,-18.0,Matteo Palermo,,team/@Treviso/70,A2,2017/2018,Luca Dalmonte
Treviso,A,65.0,350.0,24.50963059697147,22.0,1.0,1.0,0.0,0.0,0.0,STEAL,X_TURNOVER,0.0,I,L,4.0,79--63,-16.0,Iris Ikangi,,team/@Treviso/71,A2,2017/2018,Luca Dalmonte
Treviso,A,626.0,242.0,2.302321654330689,6.0,15.0,2.0,1.0,0.0,0.0,THROW-IN,2_SHOT_MISSED,0.0,I,L,4.0,81--63,-18.0,Andrea Amato,,team/@Treviso/72,A2,2017/2018,Luca Dalmonte
Treviso,A,604.0,396.0,7.605,21.0,0.0,2.0,0.0,0.0,0.0,STEAL,3_SHOT_MISSED,0.0,CO,L,4.0,81--63,-18.0,Andrea Amato,,team/@Treviso/73,A2,2017/2018,Luca Dalmonte
Treviso,A,160.0,354.0,20.944307221772696,22.0,1.0,0.0,0.0,0.0,0.0,STEAL,X_FS,0.0,I,L,4.0,81--63,-18.0,Mattia Udom,,team/@Treviso/74,A2,2017/2018,Luca Dalmonte
Treviso,A,670.0,260.0,1.7515299026850784,9.0,8.0,5.0,1.0,0.0,0.0,THROW-IN,2_SHOT_MADE,1.0,I,L,4.0,83--65,-18.0,Mattia Udom,,team/@Treviso/75,A2,2017/2018,Luca Dalmonte
Treviso,A,491.0,269.0,7.617789246231481,9.0,13.0,4.0,0.0,1.0,0.0,THROW-IN,3_SHOT_MADE,1.0,CO,L,4.0,85--67,-18.0,Leonardo Tote,,team/@Treviso/76,A2,2017/2018,Luca Dalmonte
Treviso,A,668.0,243.0,1.1370356194948337,7.0,20.0,2.0,1.0,1.0,0.0,DR,2_SHOT_MADE,1.0,P+R,L,4.0,85--70,-15.0,Leonardo Tote,,team/@Treviso/77,A2,2017/2018,Luca Dalmonte
Treviso,A,583.0,47.0,7.580159431041012,1.0,4.0,1.0,0.0,0.0,0.0,THROW-IN,3_SHOT_MISSED,0.0,I,L,4.0,85--72,-13.0,Matteo Palermo,,team/@Treviso/78,A2,2017/2018,Luca Dalmonte
FORTITUDO,A,615.0,170.0,3.073833437257133,12.0,16.0,2.0,1.0,0.0,0.0,JUMP_BALL,2_SHOT_MADE,1.0,,L,1.0,0--0,0.0,Phil Greene IV,,team/Fortitudo/1,A2,2017/2018,Luca Dalmonte
FORTITUDO,A,562.0,289.0,5.378324832138722,7.0,13.0,4.0,0.0,0.0,0.0,THROW-IN,2_SHOT_MADE,1.0,,L,1.0,2--2,0.0,Jamal Jones,,team/Fortitudo/2,A2,2017/2018,Luca Dalmonte
FORTITUDO,A,555.0,134.0,5.797766811454217,8.0,8.0,2.0,0.0,0.0,0.0,THROW-IN,2_SHOT_MISSED,0.0,,L,1.0,4--4,0.0,Matteo Palermo,,team/Fortitudo/3,A2,2017/2018,Luca Dalmonte
FORTITUDO,A,549.0,254.0,5.282160921441148,13.0,13.0,2.0,0.0,0.0,0.0,STEAL,2_SHOT_MISSED,0.0,,L,1.0,4--4,0.0,Phil Greene IV,,team/Fortitudo/4,A2,2017/2018,Luca Dalmonte
FORTITUDO,A,423.0,409.0,12.503438926951256,12.0,9.0,2.0,0.0,0.0,0.0,SHOT_IN,X_TURNOVER,0.0,,L,1.0,6--4,-2.0,Phil Greene IV,,team/Fortitudo/5,A2,2017/2018,Luca Dalmonte
FORTITUDO,A,520.0,118.0,7.284235375109731,7.0,11.0,3.0,0.0,0.0,0.0,SHOT_IN,3_SHOT_MISSED,0.0,,L,1.0,8--4,-4.0,Jamal Jones,,team/Fortitudo/6,A2,2017/2018,Luca Dalmonte
FORTITUDO,A,622.0,305.0,4.121840608271989,16.0,8.0,1.0,0.0,0.0,0.0,SHOT_IN,X_TURNOVER,0.0,,L,1.0,11--4,-7.0,Matteo Palermo,,team/Fortitudo/7,A2,2017/2018,Luca Dalmonte
FORTITUDO,A,499.0,246.0,7.116832160448917,9.0,8.0,4.0,0.0,0.0,0.0,THROW-IN,3_SHOT_MISSED,0.0,,L,1.0,11--4,-7.0,Simone Pierich,,team/Fortitudo/8,A2,2017/2018,Luca Dalmonte
FORTITUDO,A,653.0,169.0,2.0947756443113423,11.0,10.0,3.0,1.0,0.0,0.0,SHOT_IN,2_SHOT_MISSED,0.0,,L,1.0,13--4,-9.0,Jamal Jones,,team/Fortitudo/9,A2,2017/2018,Luca Dalmonte
FORTITUDO,A,559.0,277.0,5.24995628553229,9.0,15.0,3.0,0.0,0.0,0.0,DR,2_SHOT_MISSED,0.0,,L,1.0,13--4,-9.0,Matteo Palermo,,team/Fortitudo/10,A2,2017/2018,Luca Dalmonte
FORTITUDO,A,493.0,137.0,7.881184999731957,4.0,10.0,4.0,0.0,0.0,0.0,THROW-IN,3_SHOT_MISSED,0.0,,L,1.0,15--4,-11.0,Phil Greene IV,,team/Fortitudo/11,A2,2017/2018,Luca Dalmonte
FORTITUDO,A,509.0,298.0,7.3609852601401125,13.0,0.0,1.0,0.0,0.0,0.0,OR,3_SHOT_MISSED,0.0,,L,1.0,15--4,-11.0,Simone Pierich,,team/Fortitudo/12,A2,2017/2018,Luca Dalmonte
FORTITUDO,A,532.0,347.0,7.6791386235697034,12.0,1.0,1.0,0.0,0.0,0.0,OR,3_SHOT_MISSED,0.0,,L,1.0,15--4,-11.0,Jamal Jones,,team/Fortitudo/13,A2,2017/2018,Luca Dalmonte
FORTITUDO,A,509.0,132.0,7.39520628515527,16.0,5.0,1.0,0.0,0.0,0.0,THROW-IN,3_SHOT_MISSED,0.0,,L,1.0,15--4,-11.0,Mattia Udom,,team/Fortitudo/14,A2,2017/2018,Luca Dalmonte
FORTITUDO,A,664.0,212.0,0.605442813154141,15.0,9.0,1.0,1.0,1.0,0.0,SHOT_IN,2_SHOT_MADE,1.0,,L,1.0,17--4,-13.0,Jamal Jones,,team/Fortitudo/15,A2,2017/2018,Luca Dalmonte
FORTITUDO,A,562.0,99.0,6.453056485108433,12.0,12.0,2.0,0.0,0.0,0.0,DR,2_SHOT_MADE,1.0,,L,1.0,17--6,-11.0,Phil Greene IV,,team/Fortitudo/16,A2,2017/2018,Luca Dalmonte
FORTITUDO,A,667.0,236.0,0.9096284955958669,15.0,8.0,1.0,1.0,0.0,0.0,DR,2_SHOT_MISSED,0.0,,L,1.0,17--8,-9.0,Phil Greene IV,,team/Fortitudo/17,A2,2017/2018,Luca Dalmonte
FORTITUDO,A,398.0,219.0,10.959624537364409,18.0,0.0,1.0,0.0,0.0,0.0,THROW-IN,X_TURNOVER,0.0,,L,1.0,17--8,-9.0,Andrea Amato,,team/Fortitudo/18,A2,2017/2018,Luca Dalmonte
FORTITUDO,A,85.0,109.0,23.538850545428087,23.0,0.0,0.0,0.0,0.0,0.0,STEAL,X_FS,0.0,,L,1.0,17--8,-9.0,Jamal Jones,,team/Fortitudo/19,A2,2017/2018,Luca Dalmonte
FORTITUDO,A,625.0,219.0,2.1092474961464336,12.0,1.0,0.0,1.0,0.0,0.0,OR,2_SHOT_MADE,1.0,,L,1.0,17--8,-9.0,Mattia Udom,,team/Fortitudo/20,A2,2017/2018,Luca Dalmonte
FORTITUDO,A,466.0,101.0,9.440417045872497,20.0,2.0,1.0,0.0,0.0,0.0,DR,X_TURNOVER,0.0,,L,1.0,17--10,-7.0,Andrea Amato,,team/Fortitudo/21,A2,2017/2018,Luca Dalmonte
FORTITUDO,A,663.0,15.0,7.863796602150897,14.0,9.0,1.0,0.0,0.0,0.0,SHOT_IN,3_SHOT_MISSED,0.0,,L,1.0,19--10,-9.0,Phil Greene IV,,team/Fortitudo/22,A2,2017/2018,Luca Dalmonte
FORTITUDO,A,645.0,156.0,2.6895865853324,17.0,8.0,3.0,1.0,0.0,0.0,SHOT_IN,X_TURNOVER,0.0,,L,2.0,23--10,-13.0,Mattia Udom,,team/Fortitudo/23,A2,2017/2018,Luca Dalmonte
FORTITUDO,A,653.0,20.0,7.710961807712446,8.0,12.0,5.0,0.0,0.0,0.0,SHOT_IN,3_SHOT_MISSED,0.0,,L,2.0,26--10,-16.0,Andrea Amato,,team/Fortitudo/24,A2,2017/2018,Luca Dalmonte
FORTITUDO,A,636.0,268.0,2.631560943622625,11.0,2.0,1.0,1.0,0.0,0.0,THROW-IN,2_SHOT_MADE,1.0,,L,2.0,26--10,-16.0,Phil Greene IV,,team/Fortitudo/25,A2,2017/2018,Luca Dalmonte
FORTITUDO,A,500.0,279.0,7.400757393672623,14.0,11.0,3.0,0.0,0.0,0.0,DR,X_TURNOVER,0.0,,L,2.0,27--12,-15.0,Mattia Udom,,team/Fortitudo/26,A2,2017/2018,Luca Dalmonte
FORTITUDO,A,538.0,345.0,7.4531846884402375,11.0,9.0,2.0,0.0,0.0,0.0,DR,3_SHOT_MISSED,0.0,,L,2.0,27--12,-15.0,Leonardo Tote,,team/Fortitudo/27,A2,2017/2018,Luca Dalmonte
FORTITUDO,A,551.0,54.0,8.052154245914567,11.0,3.0,2.0,0.0,0.0,0.0,THROW-IN,3_SHOT_MISSED,0.0,,L,2.0,27--12,-15.0,Phil Greene IV,,team/Fortitudo/28,A2,2017/2018,Luca Dalmonte
FORTITUDO,A,669.0,411.0,7.614993434008989,5.0,13.0,5.0,0.0,0.0,0.0,THROW-IN,3_SHOT_MISSED,0.0,,L,2.0,28--12,-16.0,Mattia Udom,,team/Fortitudo/29,A2,2017/2018,Luca Dalmonte
FORTITUDO,A,557.0,287.0,5.505081743262311,9.0,14.0,2.0,0.0,0.0,0.0,SHOT_IN,X_TURNOVER,0.0,,L,2.0,30--12,-18.0,Iris Ikangi,,team/Fortitudo/30,A2,2017/2018,Luca Dalmonte
FORTITUDO,A,655.0,233.0,1.147024411248514,10.0,13.0,2.0,1.0,0.0,0.0,AFTER_TO,2_SHOT_MADE,1.0,,L,2.0,32--12,-20.0,Jamal Jones,,team/Fortitudo/31,A2,2017/2018,Luca Dalmonte
FORTITUDO,A,498.0,191.0,7.12601613806761,18.0,6.0,1.0,0.0,1.0,0.0,DR,3_SHOT_MADE,1.0,,L,2.0,32--14,-18.0,Phil Greene IV,,team/Fortitudo/32,A2,2017/2018,Luca Dalmonte
FORTITUDO,A,540.0,221.0,5.424506060463017,14.0,12.0,2.0,0.0,0.0,0.0,THROW-IN,2_SHOT_MISSED,0.0,,L,2.0,32--17,-15.0,Mattia Udom,,team/Fortitudo/33,A2,2017/2018,Luca Dalmonte
FORTITUDO,A,654.0,236.0,1.2486092262994055,18.0,4.0,3.0,1.0,1.0,0.0,DR,2_SHOT_MADE,1.0,,L,2.0,32--17,-15.0,Mattia Udom,,team/Fortitudo/34,A2,2017/2018,Luca Dalmonte
FORTITUDO,A,638.0,154.0,2.8988834057271085,7.0,9.0,4.0,0.0,0.0,0.0,SHOT_IN,2_SHOT_MISSED,0.0,,L,2.0,35--19,-16.0,Jamal Jones,,team/Fortitudo/35,A2,2017/2018,Luca Dalmonte
FORTITUDO,A,665.0,240.0,1.0836106311770848,16.0,8.0,1.0,1.0,0.0,0.0,DR,2_SHOT_MADE,1.0,,L,2.0,35--19,-16.0,Jamal Jones,,team/Fortitudo/36,A2,2017/2018,Luca Dalmonte
FORTITUDO,A,517.0,318.0,7.466030270498507,5.0,9.0,6.0,0.0,1.0,0.0,THROW-IN,3_SHOT_MADE,1.0,,L,2.0,35--21,-14.0,Matteo Palermo,,team/Fortitudo/37,A2,2017/2018,Luca Dalmonte
FORTITUDO,A,666.0,239.0,1.0303678954625868,13.0,9.0,1.0,1.0,0.0,0.0,SHOT_IN,2_FS,0.0,,L,2.0,36--24,-12.0,Curtis Nwohuocha,,team/Fortitudo/38,A2,2017/2018,Luca Dalmonte
FORTITUDO,A,583.0,103.0,5.782662449080009,17.0,7.0,1.0,0.0,0.0,0.0,SHOT_IN,2_SHOT_MADE,1.0,,L,2.0,39--25,-14.0,Andrea Amato,,team/Fortitudo/39,A2,2017/2018,Luca Dalmonte
FORTITUDO,A,674.0,412.0,7.646486840373166,11.0,15.0,2.0,0.0,0.0,0.0,DR,3_SHOT_MISSED,0.0,,L,2.0,39--27,-12.0,Jamal Jones,,team/Fortitudo/40,A2,2017/2018,Luca Dalmonte
FORTITUDO,A,468.0,240.0,8.28206115649963,15.0,6.0,0.0,0.0,0.0,0.0,DR,X_FS,0.0,,L,2.0,39--27,-12.0,Simone Pierich,,team/Fortitudo/41,A2,2017/2018,Luca Dalmonte
FORTITUDO,A,167.0,169.0,5.0261604630174705,18.0,5.0,0.0,0.0,0.0,0.0,DR,2_SHOT_MISSED,0.0,,L,3.0,39--29,-10.0,Jamal Jones,,team/Fortitudo/42,A2,2017/2018,Luca Dalmonte
FORTITUDO,A,142.0,41.0,7.765800023178552,15.0,8.0,4.0,0.0,1.0,0.0,THROW-IN,3_SHOT_MADE,1.0,,L,3.0,39--29,-10.0,Phil Greene IV,,team/Fortitudo/43,A2,2017/2018,Luca Dalmonte
FORTITUDO,A,132.0,165.0,3.865921106282434,12.0,12.0,5.0,1.0,0.0,0.0,THROW-IN,2_SHOT_MISSED,0.0,,L,3.0,39--32,-7.0,Simone Pierich,,team/Fortitudo/44,A2,2017/2018,Luca Dalmonte
FORTITUDO,A,170.0,57.0,7.839873085707446,1.0,15.0,6.0,0.0,0.0,0.0,SHOT_IN,3_SHOT_MADE,1.0,,L,3.0,41--32,-9.0,Jamal Jones,,team/Fortitudo/45,A2,2017/2018,Luca Dalmonte
FORTITUDO,A,58.0,196.0,0.8901915524200394,13.0,9.0,4.0,1.0,0.0,0.0,STEAL,2_FS,0.0,,L,3.0,41--35,-6.0,Phil Greene IV,,team/Fortitudo/46,A2,2017/2018,Luca Dalmonte
FORTITUDO,A,190.0,350.0,7.6429055338922,13.0,13.0,4.0,0.0,0.0,0.0,SHOT_IN,X_TURNOVER,0.0,,L,3.0,43--37,-6.0,Curtis Nwohuocha,,team/Fortitudo/47,A2,2017/2018,Luca Dalmonte
FORTITUDO,A,200.0,329.0,7.41800094365052,10.0,14.0,3.0,0.0,0.0,0.0,SHOT_IN,3_SHOT_MISSED,0.0,,L,3.0,45--37,-8.0,Simone Pierich,,team/Fortitudo/48,A2,2017/2018,Luca Dalmonte
FORTITUDO,A,188.0,79.0,7.667245268021626,14.0,0.0,1.0,0.0,0.0,0.0,OR,3_SHOT_MISSED,0.0,,L,3.0,45--37,-8.0,Matteo Palermo,,team/Fortitudo/49,A2,2017/2018,Luca Dalmonte
FORTITUDO,A,53.0,411.0,7.608599148332103,19.0,4.0,1.0,0.0,0.0,0.0,STEAL,3_SHOT_MISSED,0.0,,L,3.0,45--37,-8.0,Jamal Jones,,team/Fortitudo/50,A2,2017/2018,Luca Dalmonte
FORTITUDO,A,151.0,29.0,8.344997603354958,6.0,15.0,4.0,0.0,0.0,0.0,SHOT_IN,3_SHOT_MISSED,0.0,,L,3.0,47--37,-10.0,Matteo Palermo,,team/Fortitudo/51,A2,2017/2018,Luca Dalmonte
FORTITUDO,A,76.0,185.0,1.6555488515897077,7.0,20.0,4.0,1.0,0.0,0.0,SHOT_IN,X_TURNOVER,0.0,,L,3.0,50--37,-13.0,Curtis Nwohuocha,,team/Fortitudo/52,A2,2017/2018,Luca Dalmonte
FORTITUDO,A,62.0,411.0,7.627466814087098,5.0,19.0,4.0,0.0,0.0,0.0,THROW-IN,3_SHOT_MISSED,0.0,,L,3.0,50--37,-13.0,Mattia Udom,,team/Fortitudo/53,A2,2017/2018,Luca Dalmonte
FORTITUDO,A,166.0,154.0,5.233125738982392,8.0,3.0,1.0,0.0,0.0,0.0,THROW-IN,2_SHOT_MISSED,0.0,,L,3.0,53--37,-16.0,Phil Greene IV,,team/Fortitudo/54,A2,2017/2018,Luca Dalmonte
FORTITUDO,A,128.0,71.0,6.477523137743315,9.0,9.0,6.0,0.0,1.0,0.0,THROW-IN,2_SHOT_MADE,1.0,,L,3.0,53--37,-16.0,Simone Pierich,,team/Fortitudo/55,A2,2017/2018,Luca Dalmonte
FORTITUDO,A,60.0,175.0,1.6774534270733124,16.0,8.0,2.0,1.0,0.0,0.0,SHOT_IN,2_SHOT_MISSED,0.0,,L,3.0,55--39,-16.0,Mattia Udom,,team/Fortitudo/56,A2,2017/2018,Luca Dalmonte
FORTITUDO,A,90.0,166.0,2.571930986632417,6.0,3.0,2.0,1.0,0.0,0.0,THROW-IN,2_SHOT_MADE,1.0,,L,3.0,55--39,-16.0,Phil Greene IV,,team/Fortitudo/57,A2,2017/2018,Luca Dalmonte
FORTITUDO,A,227.0,160.0,7.351887920799664,15.0,8.0,2.0,0.0,0.0,0.0,DR,3_SHOT_MISSED,0.0,,L,3.0,55--41,-14.0,Simone Pierich,,team/Fortitudo/58,A2,2017/2018,Luca Dalmonte
FORTITUDO,A,78.0,243.0,1.6032747737053683,10.0,3.0,1.0,1.0,0.0,0.0,THROW-IN,2_SHOT_MADE,1.0,,L,3.0,57--41,-16.0,Matteo Palermo,,team/Fortitudo/59,A2,2017/2018,Luca Dalmonte
FORTITUDO,A,49.0,416.0,7.800389990250487,4.0,2.0,3.0,0.0,1.0,0.0,DR,3_SHOT_MADE,1.0,,L,3.0,57--43,-14.0,Phil Greene IV,,team/Fortitudo/60,A2,2017/2018,Luca Dalmonte
FORTITUDO,A,82.0,416.0,7.918536796656311,12.0,7.0,6.0,0.0,0.0,0.0,THROW-IN,3_SHOT_MISSED,0.0,,L,4.0,57--46,-11.0,Leonardo Tote,,team/Fortitudo/61,A2,2017/2018,Luca Dalmonte
FORTITUDO,A,202.0,103.0,7.480887246844454,8.0,7.0,3.0,0.0,1.0,0.0,THROW-IN,3_SHOT_MADE,1.0,,L,4.0,59--46,-13.0,Mattia Udom,,team/Fortitudo/62,A2,2017/2018,Luca Dalmonte
FORTITUDO,A,108.0,135.0,3.9546076923002107,10.0,14.0,2.0,1.0,0.0,0.0,SHOT_IN,X_TURNOVER,0.0,,L,4.0,61--49,-12.0,Mattia Udom,,team/Fortitudo/63,A2,2017/2018,Luca Dalmonte
FORTITUDO,A,57.0,194.0,0.9424775859403767,9.0,5.0,2.0,1.0,0.0,0.0,THROW-IN,2_SHOT_MADE,1.0,,L,4.0,61--49,-12.0,Andrea Amato,,team/Fortitudo/64,A2,2017/2018,Luca Dalmonte
FORTITUDO,A,48.0,199.0,0.6641460682711297,20.0,5.0,1.0,1.0,0.0,0.0,DR,2_SHOT_MISSED,0.0,,L,4.0,61--51,-10.0,Phil Greene IV,,team/Fortitudo/65,A2,2017/2018,Luca Dalmonte
FORTITUDO,A,168.0,57.0,7.792391288943337,14.0,6.0,2.0,0.0,1.0,0.0,DR,3_SHOT_MADE,1.0,,L,4.0,61--51,-10.0,Andrea Amato,,team/Fortitudo/66,A2,2017/2018,Luca Dalmonte
FORTITUDO,A,131.0,33.0,7.852957723049323,8.0,16.0,4.0,0.0,0.0,0.0,SHOT_IN,3_SHOT_MISSED,0.0,,L,4.0,63--54,-9.0,Jamal Jones,,team/Fortitudo/67,A2,2017/2018,Luca Dalmonte
FORTITUDO,A,67.0,203.0,0.9302951144663719,22.0,0.0,1.0,1.0,0.0,0.0,OR,2_SHOT_MISSED,1.0,,L,4.0,63--54,-9.0,Mattia Udom,,team/Fortitudo/68,A2,2017/2018,Luca Dalmonte
FORTITUDO,A,68.0,195.0,1.1582409075835647,7.0,9.0,1.0,1.0,0.0,0.0,OR,2_SHOT_MADE,0.0,,L,4.0,63--54,-9.0,Andrea Amato,,team/Fortitudo/69,A2,2017/2018,Luca Dalmonte
FORTITUDO,A,67.0,417.0,7.877710390716328,6.0,7.0,3.0,0.0,1.0,0.0,THROW-IN,3_SHOT_MISSED,0.0,,L,4.0,65--56,-9.0,Mattia Udom,,team/Fortitudo/70,A2,2017/2018,Luca Dalmonte
FORTITUDO,A,78.0,236.0,1.4387776061643438,12.0,6.0,5.0,1.0,0.0,0.0,DR,2_SHOT_MISSED,0.0,,L,4.0,65--56,-9.0,Jamal Jones,,team/Fortitudo/71,A2,2017/2018,Luca Dalmonte
FORTITUDO,A,60.0,248.0,1.3470534510553023,14.0,0.0,0.0,1.0,0.0,0.0,OR,2_SHOT_MISSED,0.0,,L,4.0,65--56,-9.0,Jamal Jones,,team/Fortitudo/72,A2,2017/2018,Luca Dalmonte
FORTITUDO,A,141.0,394.0,7.850536287413746,11.0,1.0,1.0,0.0,0.0,0.0,OR,3_SHOT_MISSED,0.0,,L,4.0,65--56,-9.0,Matteo Palermo,,team/Fortitudo/73,A2,2017/2018,Luca Dalmonte
FORTITUDO,A,51.0,254.0,1.4901879076143383,13.0,0.0,1.0,1.0,0.0,0.0,THROW-IN,X_FS,0.0,,L,4.0,65--56,-9.0,Matteo Palermo,,team/Fortitudo/74,A2,2017/2018,Luca Dalmonte
FORTITUDO,A,69.0,206.0,0.9424775859403767,18.0,7.0,1.0,1.0,0.0,0.0,DR,2_SHOT_MISSED,0.0,,L,4.0,65--57,-8.0,Phil Greene IV,,team/Fortitudo/75,A2,2017/2018,Luca Dalmonte
FORTITUDO,A,76.0,172.0,2.055192691695842,11.0,2.0,2.0,1.0,0.0,0.0,THROW-IN,2_FS,0.0,,L,4.0,65--57,-8.0,Jamal Jones,,team/Fortitudo/76,A2,2017/2018,Luca Dalmonte
FORTITUDO,A,145.0,80.0,6.537591299553681,11.0,14.0,2.0,0.0,0.0,0.0,SHOT_IN,3_SHOT_MISSED,0.0,,L,4.0,67--58,-9.0,Phil Greene IV,,team/Fortitudo/77,A2,2017/2018,Luca Dalmonte
FORTITUDO,A,63.0,197.0,0.9687399031731893,21.0,1.0,2.0,1.0,0.0,0.0,DR,2_FS,1.0,,L,4.0,67--60,-7.0,Phil Greene IV,,team/Fortitudo/78,A2,2017/2018,Luca Dalmonte
FORTITUDO,A,66.0,391.0,6.865107865139483,15.0,8.0,2.0,0.0,0.0,0.0,DR,2_SHOT_MISSED,0.0,,L,4.0,67--61,-6.0,Andrea Amato,,team/Fortitudo/79,A2,2017/2018,Luca Dalmonte
FORTITUDO,A,229.0,257.0,7.275878297497836,16.0,9.0,3.0,0.0,0.0,0.0,SHOT_IN,3_SHOT_MISSED,0.0,,L,4.0,69--61,-8.0,Mattia Udom,,team/Fortitudo/80,A2,2017/2018,Luca Dalmonte
FORTITUDO,A,71.0,136.0,3.257375630780092,21.0,4.0,0.0,0.0,0.0,0.0,STEAL,X_TURNOVER,0.0,,L,4.0,69--61,-8.0,Andrea Amato,,team/Fortitudo/81,A2,2017/2018,Luca Dalmonte
FORTITUDO,A,72.0,238.0,1.2987644128170437,19.0,5.0,1.0,1.0,0.0,0.0,SHOT_IN,X_FS,0.0,,L,4.0,71--61,-10.0,Andrea Amato,,team/Fortitudo/82,A2,2017/2018,Luca Dalmonte
FORTITUDO,A,87.0,226.0,1.6080111939908877,1.0,4.0,1.0,1.0,0.0,0.0,THROW-IN,2_SHOT_MISSED,0.0,,L,4.0,71--62,-9.0,Andrea Amato,,team/Fortitudo/83,A2,2017/2018,Luca Dalmonte
piacenza,A,221.0,268.0,7.082554623862777,5.0,16.0,4.0,0.0,0.0,0.0,DR,3_SHOT_MISSED,0.0,,L,1.0,0--0,0.0,Phil Greene IV,,team/Piacenza/1,A2,2017/2018,Luca Dalmonte
piacenza,A,110.0,29.0,7.695758442155004,15.0,11.0,2.0,0.0,0.0,0.0,STEAL,3_SHOT_MISSED,0.0,,L,1.0,0--0,0.0,Jamal Jones,,team/Piacenza/2,A2,2017/2019,Luca Dalmonte
piacenza,A,65.0,357.0,5.543627422545638,11.0,1.0,0.0,0.0,0.0,0.0,OR,2_SHOT_MISSED,0.0,,L,1.0,0--0,0.0,Phil Greene IV,,team/Piacenza/3,A2,2017/2020,Luca Dalmonte
piacenza,A,57.0,203.0,0.6396475592074123,9.0,14.0,1.0,1.0,1.0,0.0,DR,2_SHOT_MADE,1.0,,L,1.0,0--0,0.0,Mitchell Poletti,,team/Piacenza/4,A2,2017/2021,Luca Dalmonte
piacenza,A,79.0,268.0,2.3812366535059044,3.0,16.0,3.0,0.0,0.0,0.0,SHOT_IN,X_TURNOVER,0.0,,L,1.0,2--2,0.0,Matteo Palermo,,team/Piacenza/5,A2,2017/2022,Luca Dalmonte
piacenza,A,82.0,20.0,7.764918608717029,12.0,10.0,2.0,0.0,1.0,0.0,SHOT_IN,3_SHOT_MADE,1.0,,L,1.0,5--2,-3.0,Mattia Udom,,team/Piacenza/6,A2,2017/2023,Luca Dalmonte
piacenza,A,58.0,244.0,1.1732454986063232,13.0,8.0,3.0,1.0,0.0,0.0,DR,2_SHOT_MISSED,0.0,,L,1.0,6--5,-1.0,Mitchell Poletti,,team/Piacenza/7,A2,2017/2024,Luca Dalmonte
piacenza,A,90.0,102.0,4.751762304661293,8.0,10.0,5.0,0.0,0.0,0.0,SHOT_IN,X_TURNOVER,0.0,,L,1.0,8--5,-3.0,Jamal Jones,,team/Piacenza/8,A2,2017/2025,Luca Dalmonte
piacenza,A,68.0,212.0,0.8337247747308459,3.0,18.0,3.0,1.0,1.0,0.0,SHOT_IN,2_SHOT_MADE,1.0,,L,1.0,10--5,-5.0,Mitchell Poletti,,team/Piacenza/9,A2,2017/2026,Luca Dalmonte
piacenza,A,52.0,257.0,1.6108463613889439,20.0,4.0,0.0,1.0,0.0,0.0,STEAL,2_SHOT_MISSED,0.0,,L,1.0,10--7,-3.0,Mitchell Poletti,,team/Piacenza/10,A2,2017/2027,Luca Dalmonte
piacenza,A,77.0,155.0,2.651139566299745,6.0,6.0,4.0,1.0,0.0,0.0,THROW-IN,2_SHOT_MISSED,0.0,,L,1.0,10--7,-3.0,Phil Greene IV,,team/Piacenza/11,A2,2017/2028,Luca Dalmonte
piacenza,A,151.0,380.0,7.573635322617534,4.0,1.0,1.0,0.0,0.0,0.0,THROW-IN,3_SHOT_MADE,1.0,,L,1.0,10--7,-3.0,Phil Greene IV,,team/Piacenza/12,A2,2017/2029,Luca Dalmonte
piacenza,A,91.0,183.0,2.145,20.0,4.0,0.0,1.0,0.0,0.0,DR,2_SHOT_MISSED,0.0,,L,1.0,10--10,0.0,Phil Greene IV,,team/Piacenza/13,A2,2017/2030,Luca Dalmonte
piacenza,A,63.0,235.0,0.9687399031731893,13.0,8.0,3.0,1.0,0.0,0.0,DR,2_SHOT_MISSED,0.0,,L,1.0,10--10,0.0,Mitchell Poletti,,team/Piacenza/14,A2,2017/2031,Luca Dalmonte
piacenza,A,68.0,353.0,5.405405627702699,10.0,8.0,2.0,0.0,1.0,0.0,SHOT_IN,2_SHOT_MADE,1.0,,L,1.0,12--10,-2.0,Mattia Udom,,team/Piacenza/15,A2,2017/2032,Luca Dalmonte
piacenza,A,88.0,414.0,7.8858154302519665,11.0,10.0,4.0,0.0,1.0,0.0,SHOT_IN,3_SHOT_MADE,1.0,,L,1.0,15--12,-3.0,Iris Ikangi,,team/Piacenza/16,A2,2017/2033,Luca Dalmonte
piacenza,A,42.0,412.0,7.646486840373166,4.0,10.0,8.0,0.0,0.0,0.0,SHOT_IN,3_SHOT_MISSED,0.0,,L,1.0,17--15,-2.0,Andrea Amato,,team/Piacenza/17,A2,2017/2034,Luca Dalmonte
piacenza,A,121.0,398.0,7.662284254711515,12.0,0.0,1.0,0.0,,0.0,THROW-IN,3_SHOT_MADE,1.0,,L,1.0,20--15,-5.0,Phil Greene IV,,team/Piacenza/18,A2,2017/2035,Luca Dalmonte
piacenza,A,195.0,225.0,5.782662449080009,13.0,10.0,0.0,0.0,0.0,0.0,SHOT_IN,X_TURNOVER,0.0,,L,1.0,23--18,-5.0,Andrea Amato,,team/Piacenza/19,A2,2017/2036,Luca Dalmonte
piacenza,A,198.0,97.0,7.49794651888102,10.0,14.0,3.0,0.0,0.0,0.0,SHOT_IN,3_SHOT_MISSED,0.0,,L,1.0,25--18,-7.0,Leonardo Tote,,team/Piacenza/20,A2,2017/2037,Luca Dalmonte
piacenza,A,61.0,238.0,1.0169955752116133,2.0,5.0,6.0,1.0,1.0,0.0,THROW-IN,2_SHOT_MADE,1.0,,L,1.0,25--18,-7.0,Mitchell Poletti,,team/Piacenza/21,A2,2017/2038,Luca Dalmonte
piacenza,A,217.0,150.0,7.112128795234237,13.0,12.0,3.0,0.0,0.0,0.0,THROW-IN,3_SHOT_MISSED,0.0,,L,2.0,27--20,-7.0,Andrea Amato,,team/Piacenza/22,A2,2017/2039,Luca Dalmonte
piacenza,A,62.0,233.0,0.8841911558028615,16.0,6.0,1.0,1.0,0.0,0.0,DR,2_SHOT_MADE,1.0,,L,2.0,27--20,-7.0,Phil Greene IV,,team/Piacenza/23,A2,2017/2040,Luca Dalmonte
piacenza,A,154.0,382.0,7.702376581289699,4.0,15.0,6.0,0.0,0.0,0.0,SHOT_IN,3_SHOT_MADE,1.0,,L,2.0,30--22,-8.0,Andrea Amato,,team/Piacenza/24,A2,2017/2041,Luca Dalmonte
piacenza,A,51.0,19.0,7.684583593142832,6.0,4.0,3.0,0.0,0.0,0.0,THROW-IN,3_SHOT_MISSED,0.0,,L,2.0,30--25,-5.0,Iris Ikangi,,team/Piacenza/25,A2,2017/2042,Luca Dalmonte
piacenza,A,64.0,209.0,0.7170062761231591,13.0,0.0,0.0,1.0,0.0,0.0,OR,2_SHOT_MADE,1.0,,L,2.0,30--25,-5.0,Leonardo Tote,,team/Piacenza/26,A2,2017/2043,Luca Dalmonte
piacenza,A,86.0,299.0,3.576536033650437,10.0,13.0,3.0,1.0,0.0,0.0,AFTER_TO,X_TURNOVER,0.0,,L,2.0,30--27,-3.0,Andrea Amato,,team/Piacenza/27,A2,2017/2044,Luca Dalmonte
piacenza,A,171.0,147.0,5.534291011502739,14.0,10.0,1.0,0.0,0.0,0.0,SHOT_IN,X_TURNOVER,0.0,,L,2.0,32--27,-5.0,Andrea Amato,,team/Piacenza/28,A2,2017/2045,Luca Dalmonte
piacenza,A,46.0,412.0,7.644099489148477,7.0,16.0,3.0,0.0,1.0,0.0,DR,3_SHOT_MADE,1.0,,L,2.0,32--27,-5.0,Jamal Jones,,team/Piacenza/29,A2,2017/2046,Luca Dalmonte
piacenza,A,51.0,414.0,7.723575596833373,16.0,6.0,4.0,0.0,1.0,0.0,SHOT_IN,3_SHOT_MADE,1.0,,L,2.0,35--30,-5.0,Phil Greene IV,,team/Piacenza/30,A2,2017/2047,Luca Dalmonte
piacenza,A,57.0,243.0,1.1229020438132615,9.0,12.0,6.0,1.0,0.0,0.0,STEAL,2_SHOT_MADE,1.0,,L,2.0,35--33,-2.0,Mattia Udom,,team/Piacenza/31,A2,2017/2048,Luca Dalmonte
piacenza,A,113.0,214.0,2.575181546998192,12.0,9.0,2.0,1.0,0.0,0.0,SHOT_IN,2_SHOT_MADE,1.0,,L,2.0,37--35,-2.0,Jamal Jones,,team/Piacenza/32,A2,2017/2049,Luca Dalmonte
piacenza,A,90.0,233.0,1.8033019713847152,10.0,15.0,4.0,1.0,0.0,0.0,SHOT_IN,X_TURNOVER,0.0,,L,2.0,40--37,-3.0,Jamal Jones,,team/Piacenza/33,A2,2017/2050,Luca Dalmonte
piacenza,A,136.0,351.0,6.306192670700761,18.0,6.0,1.0,0.0,0.0,0.0,DR,2_SHOT_MISSED,0.0,,L,2.0,40--37,-3.0,Matteo Palermo,,team/Piacenza/34,A2,2017/2051,Luca Dalmonte
piacenza,A,76.0,276.0,2.598992304721197,1.0,12.0,2.0,1.0,0.0,0.0,OR,2_SHOT_MADE,1.0,,L,2.0,40--37,-3.0,Mattia Udom,,team/Piacenza/35,A2,2017/2052,Luca Dalmonte
piacenza,A,82.0,129.0,3.657276855804056,20.0,5.0,1.0,1.0,0.0,0.0,DR,X_TURNOVER,0.0,,L,2.0,40--39,-1.0,Jamal Jones,,team/Piacenza/36,A2,2017/2053,Luca Dalmonte
piacenza,A,221.0,68.0,8.908747386698087,1.0,6.0,3.0,0.0,0.0,0.0,THROW-IN,3_SHOT_MISSED,0.0,,L,2.0,43--39,-4.0,Mattia Udom,,team/Piacenza/37,A2,2017/2054,Luca Dalmonte
piacenza,A,71.0,277.0,2.556508752185292,3.0,6.0,4.0,1.0,0.0,0.0,THROW-IN,X_TURNOVER,0.0,,L,2.0,43--39,-4.0,Mitchell Poletti,,team/Piacenza/38,A2,2017/2055,Luca Dalmonte
piacenza,A,58.0,259.0,1.7310025996514276,5.0,16.0,6.0,1.0,0.0,0.0,THROW-IN,2_SHOT_MISSED,0.0,,L,2.0,44--39,-5.0,Jamal Jones,,team/Piacenza/39,A2,2017/2056,Luca Dalmonte
piacenza,A,62.0,242.0,1.1706498195446835,11.0,10.0,1.0,1.0,0.0,0.0,DR,2_SHOT_MADE,1.0,,L,2.0,44--39,-5.0,Andrea Amato,,team/Piacenza/40,A2,2017/2057,Luca Dalmonte
piacenza,A,587.0,220.0,21.060577769852376,1.0,1.0,0.0,0.0,0.0,0.0,DR,3_SHOT_MISSED,0.0,,L,2.0,44--41,-3.0,Iris Ikangi,,team/Piacenza/41,A2,2017/2058,Luca Dalmonte
piacenza,A,554.0,50.0,8.104215014423051,14.0,10.0,3.0,0.0,0.0,0.0,THROW-IN,X_TURNOVER,0.0,,L,3.0,44--41,-3.0,Phil Greene IV,,team/Piacenza/42,A2,2017/2059,Luca Dalmonte
piacenza,A,671.0,240.0,0.9866306299725344,4.0,17.0,4.0,1.0,1.0,0.0,THROW-IN,2_SHOT_MADE,1.0,,L,3.0,46--41,-5.0,Jamal Jones,,team/Piacenza/43,A2,2017/2060,Luca Dalmonte
piacenza,A,587.0,38.0,7.814416676886382,12.0,8.0,5.0,0.0,0.0,0.0,DR,3_SHOT_MISSED,0.0,,L,3.0,46--43,-3.0,Jamal Jones,,team/Piacenza/44,A2,2017/2061,Luca Dalmonte
piacenza,A,526.0,246.0,6.08062406336718,4.0,14.0,5.0,0.0,0.0,0.0,DR,2_SHOT_MISSED,0.0,,L,3.0,46--43,-3.0,Mitchell Poletti,,team/Piacenza/45,A2,2017/2062,Luca Dalmonte
piacenza,A,671.0,196.0,0.8400857099129826,10.0,1.0,2.0,1.0,0.0,0.0,THROW-IN,2_SHOT_MADE,1.0,,L,3.0,46--43,-3.0,Matteo Palermo,,team/Piacenza/46,A2,2017/2063,Luca Dalmonte
piacenza,A,566.0,371.0,7.480887246844454,10.0,16.0,3.0,0.0,0.0,0.0,THROW-IN,3_SHOT_MISSED,0.0,,L,3.0,46--45,-1.0,Matteo Palermo,,team/Piacenza/47,A2,2017/2064,Luca Dalmonte
piacenza,A,558.0,366.0,7.5160801618929,12.0,0.0,2.0,0.0,0.0,0.0,OR,3_SHOT_MISSED,0.0,,L,3.0,46--45,-1.0,Phil Greene IV,,team/Piacenza/48,A2,2017/2065,Luca Dalmonte
piacenza,A,619.0,27.0,7.733514143001227,8.0,14.0,5.0,0.0,0.0,0.0,DR,3_SHOT_MISSED,0.0,,L,3.0,46--45,-1.0,Phil Greene IV,,team/Piacenza/49,A2,2017/2066,Luca Dalmonte
piacenza,A,663.0,181.0,1.5008667495817207,21.0,4.0,1.0,1.0,1.0,0.0,STEAL,2_SHOT_MADE,1.0,,L,3.0,46--45,-1.0,Leonardo Tote,,team/Piacenza/50,A2,2017/2067,Luca Dalmonte
piacenza,A,650.0,46.0,6.7257758660246765,10.0,16.0,3.0,0.0,0.0,0.0,THROW-IN,2_SHOT_MISSED,0.0,,L,3.0,46--47,1.0,Leonardo Tote,,team/Piacenza/51,A2,2017/2068,Luca Dalmonte
piacenza,A,692.0,170.0,1.8642652708238705,12.0,11.0,3.0,1.0,0.0,0.0,STEAL,X_TURNOVER,0.0,,L,3.0,46--47,1.0,Phil Greene IV,,team/Piacenza/52,A2,2017/2069,Luca Dalmonte
piacenza,A,507.0,107.0,7.941553059698085,8.0,2.0,2.0,1.0,0.0,0.0,THROW-IN,X_TURNOVER,0.0,,L,3.0,48--47,-1.0,Mattia Udom,,team/Piacenza/53,A2,2017/2070,Luca Dalmonte
piacenza,A,619.0,212.0,2.345194235026174,9.0,11.0,4.0,1.0,0.0,0.0,THROW-IN,X_TURNOVER,0.0,,L,3.0,48--47,-1.0,Jamal Jones,,team/Piacenza/54,A2,2017/2071,Luca Dalmonte
piacenza,A,499.0,259.0,7.217529286397112,5.0,17.0,3.0,0.0,0.0,0.0,THROW-IN,3_SHOT_MISSED,0.0,,L,3.0,50--47,-3.0,Andrea Amato,,team/Piacenza/55,A2,2017/2072,Luca Dalmonte
piacenza,A,608.0,328.0,5.171729401273814,8.0,3.0,1.0,0.0,0.0,0.0,OR,X_TURNOVER,0.0,,L,3.0,50--47,-3.0,Andrea Amato,,team/Piacenza/56,A2,2017/2073,Luca Dalmonte
piacenza,A,580.0,386.0,7.672302196863729,8.0,13.0,4.0,0.0,1.0,0.0,AFTER_TO,3_SHOT_MADE,1.0,,L,3.0,52--47,-5.0,Matteo Palermo,,team/Piacenza/57,A2,2017/2074,Luca Dalmonte
piacenza,A,659.0,190.0,1.2792951184148247,10.0,11.0,4.0,1.0,0.0,0.0,THROW-IN,2_SHOT_MISSED,0.0,,L,3.0,54--50,-4.0,Andrea Amato,,team/Piacenza/58,A2,2017/2075,Luca Dalmonte
piacenza,A,652.0,235.0,1.287590773499096,14.0,0.0,0.0,1.0,0.0,0.0,OR,2_FS,0.0,,L,3.0,54--50,-4.0,Curtis Nwohuocha,,team/Piacenza/59,A2,2017/2076,Luca Dalmonte
piacenza,A,654.0,50.0,6.547007026115063,7.0,12.0,4.0,0.0,1.0,1.0,DR,2_SHOT_MADE,1.0,,L,4.0,57--51,-6.0,Leonardo Tote,,team/Piacenza/60,A2,2017/2077,Luca Dalmonte
piacenza,A,622.0,23.0,7.848404806073652,5.0,14.0,4.0,0.0,1.0,0.0,SHOT_IN,3_SHOT_MADE,1.0,,L,4.0,59--53,-6.0,Andrea Amato,,team/Piacenza/61,A2,2017/2078,Luca Dalmonte
piacenza,A,654.0,215.0,0.9757796882493507,10.0,12.0,3.0,1.0,0.0,0.0,THROW-IN,2_SHOT_MADE,1.0,,L,4.0,61--56,-5.0,Leonardo Tote,,team/Piacenza/62,A2,2017/2079,Luca Dalmonte
piacenza,A,666.0,246.0,1.2751270524932017,8.0,7.0,5.0,1.0,0.0,0.0,THROW-IN,2_FS,0.0,,L,4.0,64--58,-6.0,Mitchell Poletti,,team/Piacenza/63,A2,2017/2080,Luca Dalmonte
piacenza,A,597.0,31.0,7.891985111491278,16.0,8.0,2.0,0.0,0.0,0.0,DR,3_SHOT_MISSED,0.0,,L,4.0,64--58,-6.0,Phil Greene IV,,team/Piacenza/64,A2,2017/2081,Luca Dalmonte
piacenza,A,511.0,302.0,7.360571988643274,5.0,10.0,2.0,0.0,0.0,0.0,OR,3_SHOT_MISSED,0.0,,L,4.0,64--58,-6.0,Andrea Amato,,team/Piacenza/65,A2,2017/2082,Luca Dalmonte
piacenza,A,558.0,367.0,7.5464748061594955,11.0,9.0,5.0,0.0,0.0,0.0,THROW-IN,X_TURNOVER,0.0,,L,4.0,64--58,-6.0,Jamal Jones,,team/Piacenza/66,A2,2017/2083,Luca Dalmonte
piacenza,A,670.0,239.0,0.9632289447478205,21.0,4.0,1.0,1.0,1.0,0.0,STEAL,2_SHOT_MADE,1.0,,L,4.0,64--58,-6.0,Andrea Amato,,team/Piacenza/67,A2,2017/2084,Luca Dalmonte
piacenza,A,652.0,182.0,1.6932468809952081,12.0,10.0,2.0,1.0,0.0,0.0,THROW-IN,2_SHOT_MADE,1.0,,L,4.0,66--60,-6.0,Phil Greene IV,,team/Piacenza/68,A2,2017/2085,Luca Dalmonte
piacenza,A,622.0,406.0,7.736267123102718,13.0,7.0,4.0,0.0,0.0,0.0,DR,3_SHOT_MISSED,0.0,,L,4.0,66--62,-4.0,Jamal Jones,,team/Piacenza/69,A2,2017/2086,Luca Dalmonte
piacenza,A,547.0,252.0,5.336020989463966,17.0,3.0,3.0,0.0,1.0,0.0,AFTER_TO,2_SHOT_MADE,1.0,,L,4.0,66--62,-4.0,Mitchell Poletti,,team/Piacenza/70,A2,2017/2087,Luca Dalmonte
piacenza,A,518.0,305.0,7.174516150933107,19.0,3.0,2.0,0.0,0.0,0.0,DR,3_SHOT_MISSED,0.0,,L,4.0,66--64,-2.0,Phil Greene IV,,team/Piacenza/71,A2,2017/2088,Luca Dalmonte
piacenza,A,514.0,79.0,8.36402259681309,15.0,4.0,3.0,0.0,0.0,0.0,DR,X_TURNOVER,0.0,,L,4.0,66--64,-2.0,Andrea Amato,,team/Piacenza/72,A2,2017/2089,Luca Dalmonte
piacenza,A,680.0,258.0,1.6384642199328003,13.0,10.0,2.0,1.0,0.0,0.0,DR,2_FS,0.0,,L,4.0,66--64,-2.0,Jamal Jones,,team/Piacenza/73,A2,2017/2090,Luca Dalmonte
piacenza,A,532.0,160.0,6.134911979808675,13.0,8.0,1.0,0.0,0.0,0.0,DR,X_TURNOVER,0.0,,L,4.0,66--66,0.0,Mitchell Poletti,,team/Piacenza/74,A2,2017/2091,Luca Dalmonte
piacenza,A,626.0,118.0,4.345132103860595,13.0,15.0,1.0,0.0,0.0,0.0,THROW-IN,X_TURNOVER,0.0,,L,4.0,68--66,-2.0,Andrea Amato,,team/Piacenza/75,A2,2017/2092,Luca Dalmonte
piacenza,A,495.0,167.0,7.426095676733502,17.0,4.0,4.0,0.0,0.0,0.0,AFTER_TO,3_SHOT_MISSED,0.0,,L,4.0,71--66,-5.0,Mattia Udom,,team/Piacenza/76,A2,2017/2093,Luca Dalmonte
piacenza,A,684.0,135.0,3.1650127961826633,14.0,5.0,4.0,1.0,0.0,0.0,THROW-IN,X_TURNOVER,0.0,,L,4.0,71--66,-5.0,Mattia Udom,,team/Piacenza/77,A2,2017/2094,Luca Dalmonte
piacenza,A,612.0,110.0,4.890575119553937,18.0,0.0,1.0,0.0,0.0,0.0,AFTER_TO,2_SHOT_MADE,1.0,,L,4.0,73--66,-7.0,Matteo Palermo,,team/Piacenza/78,A2,2017/2095,Luca Dalmonte
piacenza,A,660.0,235.0,1.0479322497184635,4.0,12.0,4.0,1.0,0.0,0.0,SHOT_IN,2_SHOT_MADE,1.0,,L,4.0,75--68,-7.0,Mitchell Poletti,,team/Piacenza/79,A2,2017/2096,Luca Dalmonte
vsMontegranaro,H,207.0,309.0,7.217529286397112,7.0,13.0,5.0,0.0,0.0,0.0,JUMP_BALL,3_SHOT_MADE,1.0,P,W,1.0,0--0,0.0,Phil Greene IV,,team/montegranaro/1,A2,2017/2097,Luca Dalmonte
vsMontegranaro,H,198.0,203.0,5.910784211929919,10.0,14.0,5.0,0.0,1.0,0.0,SHOT_IN,2_SHOT_MADE,1.0,P+P,W,1.0,3--3,0.0,Mitchell Poletti,,team/montegranaro/2,A2,2017/2098,Luca Dalmonte
vsMontegranaro,H,62.0,239.0,1.0709033569841866,18.0,5.0,2.0,0.0,0.0,0.0,DR,2_SHOT_MISSED,0.0,FB,W,1.0,5--3,2.0,Phil Greene IV,,team/montegranaro/3,A2,2017/2099,Luca Dalmonte
vsMontegranaro,H,172.0,145.0,5.6065128199264835,4.0,20.0,6.0,0.0,0.0,0.0,THROW-IN,2_SHOT_MADE,1.0,P,W,1.0,5--3,2.0,Jamal Jones,,team/montegranaro/4,A2,2017/2100,Luca Dalmonte
vsMontegranaro,H,70.0,246.0,1.4742825373719923,20.0,4.0,1.0,1.0,1.0,0.0,STEAL,2_SHOT_MADE,1.0,FB,W,1.0,7--3,4.0,Mattia Udom,,team/montegranaro/5,A2,2017/2101,Luca Dalmonte
vsMontegranaro,H,81.0,170.0,2.2308545447877144,18.0,6.0,2.0,1.0,0.0,0.0,STEAL,X_TURNOVER,0.0,FB,W,1.0,9--3,6.0,Jamal Jones,,team/montegranaro/6,A2,2017/2102,Luca Dalmonte
vsMontegranaro,H,106.0,336.0,5.2150744002363,11.0,16.0,4.0,0.0,0.0,0.0,SHOT_IN,2_SHOT_MADE,1.0,P+I,W,1.0,9--5,4.0,Phil Greene IV,,team/montegranaro/7,A2,2017/2103,Luca Dalmonte
vsMontegranaro,H,277.0,220.0,8.971356419182108,2.0,13.0,6.0,0.0,1.0,0.0,SHOT_IN,3_SHOT_MADE,1.0,CO,W,1.0,11--8,3.0,Phil Greene IV,,team/montegranaro/8,A2,2017/2104,Luca Dalmonte
vsMontegranaro,H,66.0,277.0,2.491730723814273,6.0,12.0,6.0,0.0,0.0,0.0,SHOT_IN,2_SHOT_MISSED,0.0,I,W,1.0,14--10,4.0,Mitchell Poletti,,team/montegranaro/9,A2,2017/2105,Luca Dalmonte
vsMontegranaro,H,57.0,231.0,0.7030824987154779,20.0,3.0,2.0,1.0,1.0,0.0,DR,2_SHOT_MADE,1.0,C,W,1.0,14--10,4.0,Jamal Jones,,team/montegranaro/10,A2,2017/2106,Luca Dalmonte
vsMontegranaro,H,164.0,257.0,4.8350563595474245,13.0,10.0,3.0,0.0,0.0,0.0,SHOT_IN,2_SHOT_MISSED,0.0,P+P,W,1.0,16--12,4.0,Mattia Udom,,team/montegranaro/11,A2,2017/2107,Luca Dalmonte
vsMontegranaro,H,110.0,199.0,2.5448807437677705,14.0,8.0,3.0,1.0,0.0,0.0,DR,2_SHOT_MISSED,0.0,P+I,W,1.0,16--12,4.0,Mattia Udom,,team/montegranaro/12,A2,2017/2108,Luca Dalmonte
vsMontegranaro,H,63.0,235.0,0.9687399031731893,14.0,0.0,0.0,1.0,0.0,0.0,OR,2_SHOT_MADE,1.0,I,W,1.0,16--12,4.0,Mattia Udom,,team/montegranaro/13,A2,2017/2109,Luca Dalmonte
vsMontegranaro,H,81.0,229.0,1.419621428409701,20.0,3.0,0.0,1.0,0.0,0.0,DR,2_SHOT_MADE,1.0,FB,W,1.0,18--12,6.0,Jamal Jones,,team/montegranaro/14,A2,2017/2110,Luca Dalmonte
vsMontegranaro,H,86.0,194.0,1.7463118278245726,10.0,16.0,3.0,1.0,0.0,0.0,SHOT_IN,2_SHOT_MISSED,0.0,I,W,1.0,20--15,5.0,Jamal Jones,,team/montegranaro/15,A2,2017/2111,Luca Dalmonte
vsMontegranaro,H,62.0,246.0,1.3080997668373768,15.0,9.0,2.0,1.0,0.0,0.0,SHOT_IN,2_SHOT_MADE,1.0,I,W,1.0,20--18,2.0,Mattia Udom,,team/montegranaro/16,A2,2017/2112,Luca Dalmonte
vsMontegranaro,H,73.0,78.0,5.476688780641091,10.0,5.0,2.0,0.0,0.0,0.0,THROW-IN,X_TURNOVER,0.0,I,W,1.0,22--21,1.0,Mattia Udom,,team/montegranaro/17,A2,2017/2113,Luca Dalmonte
vsMontegranaro,H,174.0,125.0,6.093242978907044,9.0,17.0,2.0,0.0,0.0,0.0,THROW-IN,2_SHOT_MISSED,0.0,P+I,W,1.0,22--21,1.0,Phil Greene IV,,team/montegranaro/18,A2,2017/2114,Luca Dalmonte
vsMontegranaro,H,242.0,88.0,9.097037374882001,13.0,13.0,3.0,0.0,0.0,0.0,THROW-IN,X_TURNOVER,0.0,I,W,1.0,22--21,1.0,Curtis Nwohuocha,,team/montegranaro/19,A2,2017/2115,Luca Dalmonte
vsMontegranaro,H,73.0,58.0,6.244873097189406,4.0,18.0,4.0,0.0,0.0,0.0,SHOT_IN,2_SHOT_MISSED,0.0,P+P,W,1.0,22--23,-1.0,Leonardo Tote,,team/montegranaro/20,A2,2017/2116,Luca Dalmonte
vsMontegranaro,H,269.0,271.0,8.919752743209871,18.0,6.0,1.0,0.0,0.0,0.0,DR,X_TURNOVER,0.0,FB,W,2.0,22--23,-1.0,Phil Greene IV,,team/montegranaro/21,A2,2017/2117,Luca Dalmonte
vsMontegranaro,H,76.0,388.0,6.802677781579838,5.0,14.0,4.0,0.0,0.0,0.0,SHOT_IN,3_SHOT_MISSED,0.0,CO,W,2.0,22--26,-4.0,Leonardo Tote,,team/montegranaro/22,A2,2017/2118,Luca Dalmonte
vsMontegranaro,H,116.0,344.0,5.671114969739196,13.0,11.0,2.0,0.0,0.0,0.0,THROW-IN,2_SHOT_MISSED,0.0,I,W,2.0,22--26,-4.0,Phil Greene IV,,team/montegranaro/23,A2,2017/2119,Luca Dalmonte
vsMontegranaro,H,190.0,222.0,5.581906932223074,13.0,10.0,3.0,0.0,0.0,0.0,SHOT_IN,2_SHOT_MISSED,0.0,I,W,2.0,22--28,-6.0,Andrea Amato,,team/montegranaro/24,A2,2017/2120,Luca Dalmonte
vsMontegranaro,H,52.0,19.0,7.685474220892293,14.0,8.0,3.0,0.0,0.0,0.0,STEAL,3_SHOT_MISSED,0.0,CO,W,2.0,22--28,-6.0,Riccardo Visconti,,team/montegranaro/25,A2,2017/2121,Luca Dalmonte
vsMontegranaro,H,221.0,171.0,7.009266794751074,19.0,6.0,1.0,0.0,0.0,0.0,DR,3_SHOT_MISSED,0.0,FB,W,2.0,22--28,-6.0,Andrea Amato,,team/montegranaro/26,A2,2017/2122,Luca Dalmonte
vsMontegranaro,H,70.0,129.0,3.5095666399143925,9.0,11.0,4.0,0.0,0.0,0.0,DR,X_TURNOVER,0.0,I,W,2.0,22--28,-6.0,Curtis Nwohuocha,,team/montegranaro/27,A2,2017/2123,Luca Dalmonte
vsMontegranaro,H,62.0,241.0,1.1370356194948337,6.0,11.0,3.0,1.0,0.0,0.0,SHOT_IN,2_SHOT_MADE,1.0,I,W,2.0,22--30,-8.0,Andrea Amato,,team/montegranaro/28,A2,2017/2124,Luca Dalmonte
vsMontegranaro,H,87.0,280.0,2.9434021132016603,15.0,10.0,1.0,1.0,0.0,0.0,SHOT_IN,2_FS,0.0,I,W,2.0,24--33,-9.0,Andrea Amato,,team/montegranaro/29,A2,2017/2125,Luca Dalmonte
vsMontegranaro,H,83.0,225.0,1.4472100745917988,7.0,3.0,3.0,1.0,0.0,0.0,THROW-IN,2_SHOT_MISSED,0.0,I,W,2.0,26--33,-7.0,Mitchell Poletti,,team/montegranaro/30,A2,2017/2126,Luca Dalmonte
vsMontegranaro,H,120.0,31.0,7.756393105045669,14.0,0.0,0.0,0.0,0.0,0.0,OR,3_SHOT_MADE,1.0,CO,W,2.0,26--33,-7.0,Phil Greene IV,,team/montegranaro/31,A2,2017/2127,Luca Dalmonte
vsMontegranaro,H,159.0,246.0,4.521982308678353,18.0,7.0,1.0,0.0,0.0,0.0,DR,2_SHOT_MISSED,0.0,I,W,2.0,29--33,-4.0,Andrea Amato,,team/montegranaro/32,A2,2017/2128,Luca Dalmonte
vsMontegranaro,H,97.0,294.0,3.6133452644329465,6.0,4.0,4.0,0.0,0.0,0.0,THROW-IN,2_SHOT_MISSED,0.0,I,W,2.0,29--33,-4.0,Iris Ikangi,,team/montegranaro/33,A2,2017/2129,Luca Dalmonte
vsMontegranaro,H,100.0,333.0,5.009337081890178,17.0,7.0,0.0,0.0,0.0,0.0,STEAL,2_SHOT_MADE,1.0,FB,W,2.0,29--33,-4.0,Andrea Amato,,team/montegranaro/34,A2,2017/2130,Luca Dalmonte
vsMontegranaro,H,216.0,335.0,8.0610273538799,18.0,5.0,2.0,0.0,0.0,0.0,DR,X_TURNOVER,0.0,FB,W,2.0,31--33,-2.0,Riccardo Visconti,,team/montegranaro/35,A2,2017/2131,Luca Dalmonte
vsMontegranaro,H,199.0,160.0,6.317518500170775,14.0,10.0,3.0,0.0,0.0,0.0,THROW-IN,X_TURNOVER,0.0,P,W,2.0,31--33,-2.0,Andrea Amato,,team/montegranaro/36,A2,2017/2132,Luca Dalmonte
vsMontegranaro,H,52.0,414.0,7.724461728819685,19.0,4.0,2.0,0.0,1.0,0.0,DR,3_SHOT_MADE,1.0,CO,W,2.0,31--33,-2.0,Riccardo Visconti,,team/montegranaro/37,A2,2017/2133,Luca Dalmonte
vsMontegranaro,H,115.0,184.0,2.930973899576726,16.0,6.0,4.0,1.0,0.0,0.0,SHOT_IN,X_TURNOVER,0.0,P,W,2.0,34--36,-2.0,Andrea Amato,,team/montegranaro/38,A2,2017/2134,Luca Dalmonte
vsMontegranaro,H,85.0,208.0,1.5144860514379128,7.0,10.0,3.0,1.0,0.0,0.0,SHOT_IN,2_FS,0.0,P+R,W,2.0,34--38,-4.0,Mitchell Poletti,,team/montegranaro/39,A2,2017/2135,Luca Dalmonte
vsMontegranaro,H,225.0,126.0,7.778911491976239,11.0,12.0,3.0,0.0,1.0,0.0,SHOT_IN,3_SHOT_MADE,1.0,CO,W,2.0,35--40,-5.0,Andrea Amato,,team/montegranaro/40,A2,2017/2136,Luca Dalmonte
vsMontegranaro,H,105.0,292.0,3.728530541647741,5.0,18.0,0.0,0.0,0.0,0.0,DR,2_FS,0.0,I,W,2.0,38--40,-2.0,Andrea Amato,,team/montegranaro/41,A2,2017/2137,Luca Dalmonte
vsMontegranaro,H,605.0,229.0,2.930195385976847,9.0,12.0,4.0,1.0,0.0,0.0,THROW-IN,2_SHOT_MADE,1.0,I,W,3.0,39--40,-1.0,Phil Greene IV,,team/montegranaro/42,A2,2017/2138,Luca Dalmonte
vsMontegranaro,H,657.0,245.0,1.419621428409701,12.0,10.0,3.0,1.0,0.0,0.0,DR,2_FS,0.0,OS,W,3.0,41--40,1.0,Jamal Jones,,team/montegranaro/43,A2,2017/2139,Luca Dalmonte
vsMontegranaro,H,546.0,258.0,5.439486464731758,10.0,2.0,2.0,0.0,0.0,0.0,THROW-IN,2_SHOT_MISSED,0.0,P+P,W,3.0,42--40,2.0,Mitchell Poletti,,team/montegranaro/44,A2,2017/2140,Luca Dalmonte
vsMontegranaro,H,551.0,67.0,7.660795324246693,12.0,13.0,1.0,0.0,0.0,0.0,DR,3_SHOT_MADE,1.0,I,W,3.0,42--40,2.0,Phil Greene IV,,team/montegranaro/45,A2,2017/2141,Luca Dalmonte
vsMontegranaro,H,705.0,156.0,2.5502541049864034,16.0,11.0,1.0,1.0,0.0,0.0,SHOT_IN,X_TURNOVER,0.0,I,W,3.0,45--43,2.0,Matteo Palermo,,team/montegranaro/46,A2,2017/2142,Luca Dalmonte
vsMontegranaro,H,585.0,391.0,7.747269260842816,16.0,5.0,2.0,0.0,0.0,0.0,DR,3_SHOT_MISSED,0.0,FB,W,3.0,45--43,2.0,Jamal Jones,,team/montegranaro/47,A2,2017/2143,Luca Dalmonte
vsMontegranaro,H,671.0,245.0,1.1732454986063232,16.0,8.0,2.0,1.0,0.0,0.0,STEAL,2_SHOT_MADE,1.0,FB,W,3.0,45--43,2.0,Phil Greene IV,,team/montegranaro/48,A2,2017/2144,Luca Dalmonte
vsMontegranaro,H,626.0,362.0,6.057567581133536,9.0,11.0,3.0,0.0,0.0,0.0,SHOT_IN,2_SHOT_MISSED,0.0,CO,W,3.0,47--45,2.0,Mitchell Poletti,,team/montegranaro/49,A2,2017/2145,Luca Dalmonte
vsMontegranaro,H,669.0,267.0,2.02687468778906,17.0,4.0,2.0,1.0,0.0,0.0,STEAL,2_SHOT_MISSED,0.0,FB,W,3.0,47--45,2.0,Jamal Jones,,team/montegranaro/50,A2,2017/2146,Luca Dalmonte
vsMontegranaro,H,671.0,243.0,1.0982499715456404,12.0,2.0,0.0,1.0,0.0,0.0,OR,2_FS,0.0,I,W,3.0,47--45,2.0,Mattia Udom,,team/montegranaro/51,A2,2017/2147,Luca Dalmonte
vsMontegranaro,H,612.0,222.0,2.6234566891793736,12.0,14.0,3.0,1.0,0.0,0.0,SHOT_IN,X_TURNOVER,0.0,I,W,3.0,49--47,2.0,Jamal Jones,,team/montegranaro/52,A2,2017/2148,Luca Dalmonte
vsMontegranaro,H,666.0,216.0,0.507,23.0,1.0,0.0,1.0,0.0,0.0,STEAL,2_SHOT_MADE,1.0,FB,W,3.0,49--47,2.0,Mattia Udom,,team/montegranaro/53,A2,2017/2149,Luca Dalmonte
vsMontegranaro,H,613.0,238.0,2.7132342324244694,18.0,16.0,3.0,1.0,0.0,0.0,THROW-IN,2_SHOT_MISSED,0.0,I,W,3.0,52--47,5.0,Phil Greene IV,,team/montegranaro/54,A2,2017/2150,Luca Dalmonte
vsMontegranaro,H,507.0,306.0,7.570823204909754,11.0,2.0,1.0,0.0,0.0,0.0,OR,3_SHOT_MISSED,0.0,CO,W,3.0,52--47,5.0,Jamal Jones,,team/montegranaro/55,A2,2017/2151,Luca Dalmonte
vsMontegranaro,H,672.0,17.0,7.765800023178552,9.0,11.0,4.0,0.0,1.0,1.0,DR,3_SHOT_MADE,1.0,CO,W,3.0,52--47,5.0,Jamal Jones,,team/montegranaro/56,A2,2017/2152,Luca Dalmonte
vsMontegranaro,H,537.0,170.0,5.821329744998131,13.0,10.0,1.0,0.0,1.0,0.0,DR,2_SHOT_MADE,1.0,CO,W,3.0,55--47,8.0,Mitchell Poletti,,team/montegranaro/57,A2,2017/2153,Luca Dalmonte
vsMontegranaro,H,500.0,155.0,7.375228945598909,6.0,12.0,4.0,0.0,0.0,0.0,SHOT_IN,3_SHOT_MADE,1.0,I,W,3.0,57--49,8.0,Phil Greene IV,,team/montegranaro/58,A2,2017/2154,Luca Dalmonte
vsMontegranaro,H,545.0,192.0,5.30915925547539,9.0,10.0,3.0,0.0,0.0,0.0,SHOT_IN,2_SHOT_MISSED,0.0,C,W,3.0,60--52,8.0,Jamal Jones,,team/montegranaro/59,A2,2017/2155,Luca Dalmonte
vsMontegranaro,H,417.0,198.0,10.242086115630935,15.0,5.0,3.0,0.0,0.0,0.0,SHOT_IN,X_FS,0.0,I,W,3.0,60--54,6.0,Andrea Amato,,team/montegranaro/60,A2,2017/2156,Luca Dalmonte
vsMontegranaro,H,669.0,18.0,7.731842212564868,2.0,10.0,9.0,0.0,1.0,1.0,DR,3_SHOT_MADE,1.0,CO,W,3.0,62--54,8.0,Riccardo Visconti,,team/montegranaro/61,A2,2017/2157,Luca Dalmonte
vsMontegranaro,H,168.0,215.0,19.929038160433134,1.0,1.0,0.0,0.0,0.0,0.0,DR,3_SHOT_MISSED,0.0,I,W,3.0,65--54,11.0,Jamal Jones,,team/montegranaro/62,A2,2017/2158,Luca Dalmonte
vsMontegranaro,H,517.0,324.0,7.593290986127161,7.0,13.0,4.0,0.0,1.0,0.0,DR,3_SHOT_MADE,1.0,CO,W,4.0,65--54,11.0,Andrea Amato,,team/montegranaro/63,A2,2017/2159,Luca Dalmonte
vsMontegranaro,H,508.0,123.0,7.591487996433901,14.0,11.0,2.0,0.0,0.0,0.0,DR,3_SHOT_MADE,1.0,P,W,4.0,68--54,14.0,Jamal Jones,,team/montegranaro/64,A2,2017/2160,Luca Dalmonte
vsMontegranaro,H,662.0,413.0,7.711553539981422,15.0,4.0,5.0,0.0,0.0,0.0,DR,3_SHOT_MISSED,0.0,CO,W,4.0,71--54,17.0,Riccardo Visconti,,team/montegranaro/65,A2,2017/2161,Luca Dalmonte
vsMontegranaro,H,548.0,70.0,7.650066470299457,11.0,6.0,5.0,0.0,0.0,0.0,STEAL,3_SHOT_MISSED,0.0,OS,W,4.0,71--54,17.0,Jamal Jones,,team/montegranaro/66,A2,2017/2162,Luca Dalmonte
vsMontegranaro,H,613.0,92.0,5.478354862547697,11.0,12.0,1.0,0.0,0.0,0.0,DR,2_SHOT_MISSED,0.0,P+I,W,4.0,71--54,17.0,Jamal Jones,,team/montegranaro/67,A2,2017/2163,Luca Dalmonte
vsMontegranaro,H,528.0,327.0,7.308937132032263,10.0,10.0,2.0,0.0,0.0,0.0,DR,3_SHOT_MADE,1.0,P,W,4.0,71--54,17.0,Andrea Amato,,team/montegranaro/68,A2,2017/2164,Luca Dalmonte
vsMontegranaro,H,660.0,250.0,1.518998683343735,4.0,11.0,7.0,1.0,0.0,0.0,SHOT_IN,2_SHOT_MISSED,0.0,I,W,4.0,74--57,17.0,Phil Greene IV,,team/montegranaro/69,A2,2017/2165,Luca Dalmonte
vsMontegranaro,H,648.0,212.0,1.2190229694308472,14.0,0.0,0.0,1.0,0.0,0.0,OR,2_SHOT_MISSED,0.0,I,W,4.0,74--57,17.0,Curtis Nwohuocha,,team/montegranaro/70,A2,2017/2166,Luca Dalmonte
vsMontegranaro,H,684.0,142.0,2.892580335963031,10.0,2.0,0.0,1.0,0.0,0.0,OR,X_TURNOVER,0.0,I,W,4.0,74--57,17.0,Riccardo Visconti,,team/montegranaro/71,A2,2017/2167,Luca Dalmonte
vsMontegranaro,H,526.0,98.0,7.5354822672473984,5.0,7.0,8.0,0.0,0.0,0.0,SHOT_IN,3_SHOT_MADE,1.0,I,W,4.0,74--60,14.0,Andrea Amato,,team/montegranaro/72,A2,2017/2168,Luca Dalmonte
vsMontegranaro,H,590.0,165.0,4.000495219344725,8.0,6.0,9.0,0.0,0.0,0.0,THROW-IN,2_SHOT_MADE,1.0,I,W,4.0,78--61,17.0,Phil Greene IV,,team/montegranaro/73,A2,2017/2169,Luca Dalmonte
vsMontegranaro,H,502.0,264.0,7.152327802890469,6.0,13.0,5.0,0.0,0.0,0.0,SHOT_IN,3_SHOT_MADE,1.0,P+I,W,4.0,80--62,18.0,Andrea Amato,,team/montegranaro/74,A2,2017/2170,Luca Dalmonte
vsMontegranaro,H,505.0,329.0,8.091442702015506,4.0,8.0,2.0,0.0,1.0,0.0,THROW-IN,3_SHOT_MADE,1.0,CO,W,4.0,83--64,19.0,Andrea Amato,,team/montegranaro/75,A2,2017/2171,Luca Dalmonte
vsMontegranaro,H,526.0,84.0,7.88079900771489,18.0,6.0,2.0,0.0,0.0,0.0,DR,3_SHOT_MADE,1.0,FB,W,4.0,86--64,22.0,Phil Greene IV,,team/montegranaro/76,A2,2017/2172,Luca Dalmonte
vsMontegranaro,H,668.0,193.0,0.9943088051505931,5.0,15.0,4.0,1.0,0.0,0.0,SHOT_IN,2_SHOT_MISSED,0.0,I,W,4.0,89--66,23.0,Mattia Udom,,team/montegranaro/77,A2,2017/2173,Luca Dalmonte
vsMontegranaro,H,557.0,233.0,4.8039705452885535,10.0,8.0,2.0,0.0,0.0,0.0,THROW-IN,2_SHOT_MADE,1.0,I,W,4.0,89--66,23.0,Mattia Udom,,team/montegranaro/78,A2,2017/2174,Luca Dalmonte
vsMontegranaro,H,499.0,228.0,7.035582705078521,14.0,4.0,2.0,0.0,0.0,0.0,THROW-IN,3_SHOT_MISSED,0.0,P+I,W,4.0,91--66,25.0,Andrea Amato,,team/montegranaro/79,A2,2017/2175,Luca Dalmonte
vsMontegranaro,H,383.0,184.0,11.61126349713932,12.0,14.0,1.0,0.0,0.0,0.0,DR,X_TURNOVER,0.0,I,W,4.0,91--66,25.0,Andrea Amato,,team/montegranaro/80,A2,2017/2176,Luca Dalmonte
vsMontegranaro,H,546.0,252.0,5.373656576298861,11.0,12.0,5.0,0.0,0.0,0.0,SHOT_IN,2_SHOT_MADE,1.0,CO,W,4.0,91--68,23.0,Jamal Jones,,team/montegranaro/81,A2,2017/2177,Luca Dalmonte
vsMontegranaro,H,663.0,243.0,1.2240036764650668,3.0,18.0,2.0,1.0,0.0,0.0,DR,2_SHOT_MADE,1.0,C,W,4.0,93--68,25.0,Mitchell Poletti,,team/montegranaro/82,A2,2017/2178,Luca Dalmonte
